GPIO_PIN_INTERRUPT_ISEL,0,8,PMODE,Selects the interrupt mode for each pin interrupt,0,rw
GPIO_PIN_INTERRUPT_IENR,0,8,ENRL,Enables the rising edge or level interrupt for each pin interrupt,0,rw
GPIO_PIN_INTERRUPT_SIENR,0,8,SETENRL,"Ones written to this address set bits in the IENR, thus enabling interrupts",,w
GPIO_PIN_INTERRUPT_CIENR,0,8,CENRL,"Ones written to this address clear bits in the IENR, thus disabling the interrupts",,w
GPIO_PIN_INTERRUPT_IENF,0,8,ENAF,Enables the falling edge or configures the active level interrupt for each pin interrupt,0,rw
GPIO_PIN_INTERRUPT_SIENF,0,8,SETENAF,"Ones written to this address set bits in the IENF, thus enabling interrupts",,w
GPIO_PIN_INTERRUPT_CIENF,0,8,CENAF,"Ones written to this address clears bits in the IENF, thus disabling interrupts",,w
GPIO_PIN_INTERRUPT_RISE,0,8,RDET,Rising edge detect,0,rw
GPIO_PIN_INTERRUPT_FALL,0,8,FDET,Falling edge detect,0,rw
GPIO_PIN_INTERRUPT_IST,0,8,PSTAT,Pin interrupt status,0,rw
GPIO_GROUP0_INTERRUPT_CTRL,0,1,INT,Group interrupt status,0,rw
GPIO_GROUP0_INTERRUPT_CTRL,1,1,COMB,Combine enabled inputs for group interrupt,0,rw
GPIO_GROUP0_INTERRUPT_CTRL,2,1,TRIG,Group interrupt trigger,0,rw
GPIO_GROUP0_INTERRUPT_PORT_POL0,0,32,POL,Configure pin polarity of port 0 pins for group interrupt,1,rw
GPIO_GROUP0_INTERRUPT_PORT_POL1,0,32,POL,Configure pin polarity of port 1 pins for group interrupt,1,rw
GPIO_GROUP0_INTERRUPT_PORT_POL2,0,32,POL,Configure pin polarity of port 2 pins for group interrupt,1,rw
GPIO_GROUP0_INTERRUPT_PORT_POL3,0,32,POL,Configure pin polarity of port 3 pins for group interrupt,1,rw
GPIO_GROUP0_INTERRUPT_PORT_POL4,0,32,POL,Configure pin polarity of port 4 pins for group interrupt,1,rw
GPIO_GROUP0_INTERRUPT_PORT_POL5,0,32,POL,Configure pin polarity of port 5 pins for group interrupt,1,rw
GPIO_GROUP0_INTERRUPT_PORT_POL6,0,32,POL,Configure pin polarity of port 6 pins for group interrupt,1,rw
GPIO_GROUP0_INTERRUPT_PORT_POL7,0,32,POL,Configure pin polarity of port 7 pins for group interrupt,1,rw
GPIO_GROUP0_INTERRUPT_PORT_ENA0,0,32,ENA,Enable port 0 pin for group interrupt,0,rw
GPIO_GROUP0_INTERRUPT_PORT_ENA1,0,32,ENA,Enable port 1 pin for group interrupt,0,rw
GPIO_GROUP0_INTERRUPT_PORT_ENA2,0,32,ENA,Enable port 2 pin for group interrupt,0,rw
GPIO_GROUP0_INTERRUPT_PORT_ENA3,0,32,ENA,Enable port 3 pin for group interrupt,0,rw
GPIO_GROUP0_INTERRUPT_PORT_ENA4,0,32,ENA,Enable port 4 pin for group interrupt,0,rw
GPIO_GROUP0_INTERRUPT_PORT_ENA5,0,32,ENA,Enable port 5 pin for group interrupt,0,rw
GPIO_GROUP0_INTERRUPT_PORT_ENA6,0,32,ENA,Enable port 6 pin for group interrupt,0,rw
GPIO_GROUP0_INTERRUPT_PORT_ENA7,0,32,ENA,Enable port 7 pin for group interrupt,0,rw
GPIO_GROUP1_INTERRUPT_CTRL,0,1,INT,Group interrupt status,0,rw
GPIO_GROUP1_INTERRUPT_CTRL,1,1,COMB,Combine enabled inputs for group interrupt,0,rw
GPIO_GROUP1_INTERRUPT_CTRL,2,1,TRIG,Group interrupt trigger,0,rw
GPIO_GROUP1_INTERRUPT_PORT_POL0,0,32,POL,Configure pin polarity of port 0 pins for group interrupt,1,rw
GPIO_GROUP1_INTERRUPT_PORT_POL1,0,32,POL,Configure pin polarity of port 1 pins for group interrupt,1,rw
GPIO_GROUP1_INTERRUPT_PORT_POL2,0,32,POL,Configure pin polarity of port 2 pins for group interrupt,1,rw
GPIO_GROUP1_INTERRUPT_PORT_POL3,0,32,POL,Configure pin polarity of port 3 pins for group interrupt,1,rw
GPIO_GROUP1_INTERRUPT_PORT_POL4,0,32,POL,Configure pin polarity of port 4 pins for group interrupt,1,rw
GPIO_GROUP1_INTERRUPT_PORT_POL5,0,32,POL,Configure pin polarity of port 5 pins for group interrupt,1,rw
GPIO_GROUP1_INTERRUPT_PORT_POL6,0,32,POL,Configure pin polarity of port 6 pins for group interrupt,1,rw
GPIO_GROUP1_INTERRUPT_PORT_POL7,0,32,POL,Configure pin polarity of port 7 pins for group interrupt,1,rw
GPIO_GROUP1_INTERRUPT_PORT_ENA0,0,32,ENA,Enable port 0 pin for group interrupt,0,rw
GPIO_GROUP1_INTERRUPT_PORT_ENA1,0,32,ENA,Enable port 1 pin for group interrupt,0,rw
GPIO_GROUP1_INTERRUPT_PORT_ENA2,0,32,ENA,Enable port 2 pin for group interrupt,0,rw
GPIO_GROUP1_INTERRUPT_PORT_ENA3,0,32,ENA,Enable port 3 pin for group interrupt,0,rw
GPIO_GROUP1_INTERRUPT_PORT_ENA4,0,32,ENA,Enable port 4 pin for group interrupt,0,rw
GPIO_GROUP1_INTERRUPT_PORT_ENA5,0,32,ENA,Enable port 5 pin for group interrupt,0,rw
GPIO_GROUP1_INTERRUPT_PORT_ENA6,0,32,ENA,Enable port 6 pin for group interrupt,0,rw
GPIO_GROUP1_INTERRUPT_PORT_ENA7,0,32,ENA,Enable port 7 pin for group interrupt,0,rw
GPIO_B0,0,1,PBYTE,GPIO port byte pin register,,rw
GPIO_B1,0,1,PBYTE,GPIO port byte pin register,,rw
GPIO_B2,0,1,PBYTE,GPIO port byte pin register,,rw
GPIO_B3,0,1,PBYTE,GPIO port byte pin register,,rw
GPIO_B4,0,1,PBYTE,GPIO port byte pin register,,rw
GPIO_B5,0,1,PBYTE,GPIO port byte pin register,,rw
GPIO_B6,0,1,PBYTE,GPIO port byte pin register,,rw
GPIO_B7,0,1,PBYTE,GPIO port byte pin register,,rw
GPIO_B8,0,1,PBYTE,GPIO port byte pin register,,rw
GPIO_B9,0,1,PBYTE,GPIO port byte pin register,,rw
GPIO_B10,0,1,PBYTE,GPIO port byte pin register,,rw
GPIO_B11,0,1,PBYTE,GPIO port byte pin register,,rw
GPIO_B12,0,1,PBYTE,GPIO port byte pin register,,rw
GPIO_B13,0,1,PBYTE,GPIO port byte pin register,,rw
GPIO_B14,0,1,PBYTE,GPIO port byte pin register,,rw
GPIO_B15,0,1,PBYTE,GPIO port byte pin register,,rw
GPIO_B16,0,1,PBYTE,GPIO port byte pin register,,rw
GPIO_B17,0,1,PBYTE,GPIO port byte pin register,,rw
GPIO_B18,0,1,PBYTE,GPIO port byte pin register,,rw
GPIO_B19,0,1,PBYTE,GPIO port byte pin register,,rw
GPIO_B20,0,1,PBYTE,GPIO port byte pin register,,rw
GPIO_B21,0,1,PBYTE,GPIO port byte pin register,,rw
GPIO_B22,0,1,PBYTE,GPIO port byte pin register,,rw
GPIO_B23,0,1,PBYTE,GPIO port byte pin register,,rw
GPIO_B24,0,1,PBYTE,GPIO port byte pin register,,rw
GPIO_B25,0,1,PBYTE,GPIO port byte pin register,,rw
GPIO_B26,0,1,PBYTE,GPIO port byte pin register,,rw
GPIO_B27,0,1,PBYTE,GPIO port byte pin register,,rw
GPIO_B28,0,1,PBYTE,GPIO port byte pin register,,rw
GPIO_B29,0,1,PBYTE,GPIO port byte pin register,,rw
GPIO_B30,0,1,PBYTE,GPIO port byte pin register,,rw
GPIO_B31,0,1,PBYTE,GPIO port byte pin register,,rw
GPIO_B32,0,1,PBYTE,GPIO port byte pin register,,rw
GPIO_B33,0,1,PBYTE,GPIO port byte pin register,,rw
GPIO_B34,0,1,PBYTE,GPIO port byte pin register,,rw
GPIO_B35,0,1,PBYTE,GPIO port byte pin register,,rw
GPIO_B36,0,1,PBYTE,GPIO port byte pin register,,rw
GPIO_B37,0,1,PBYTE,GPIO port byte pin register,,rw
GPIO_B38,0,1,PBYTE,GPIO port byte pin register,,rw
GPIO_B39,0,1,PBYTE,GPIO port byte pin register,,rw
GPIO_B40,0,1,PBYTE,GPIO port byte pin register,,rw
GPIO_B41,0,1,PBYTE,GPIO port byte pin register,,rw
GPIO_B42,0,1,PBYTE,GPIO port byte pin register,,rw
GPIO_B43,0,1,PBYTE,GPIO port byte pin register,,rw
GPIO_B44,0,1,PBYTE,GPIO port byte pin register,,rw
GPIO_B45,0,1,PBYTE,GPIO port byte pin register,,rw
GPIO_B46,0,1,PBYTE,GPIO port byte pin register,,rw
GPIO_B47,0,1,PBYTE,GPIO port byte pin register,,rw
GPIO_B48,0,1,PBYTE,GPIO port byte pin register,,rw
GPIO_B49,0,1,PBYTE,GPIO port byte pin register,,rw
GPIO_B50,0,1,PBYTE,GPIO port byte pin register,,rw
GPIO_B51,0,1,PBYTE,GPIO port byte pin register,,rw
GPIO_B52,0,1,PBYTE,GPIO port byte pin register,,rw
GPIO_B53,0,1,PBYTE,GPIO port byte pin register,,rw
GPIO_B54,0,1,PBYTE,GPIO port byte pin register,,rw
GPIO_B55,0,1,PBYTE,GPIO port byte pin register,,rw
GPIO_B56,0,1,PBYTE,GPIO port byte pin register,,rw
GPIO_B57,0,1,PBYTE,GPIO port byte pin register,,rw
GPIO_B58,0,1,PBYTE,GPIO port byte pin register,,rw
GPIO_B59,0,1,PBYTE,GPIO port byte pin register,,rw
GPIO_B60,0,1,PBYTE,GPIO port byte pin register,,rw
GPIO_B61,0,1,PBYTE,GPIO port byte pin register,,rw
GPIO_B62,0,1,PBYTE,GPIO port byte pin register,,rw
GPIO_B63,0,1,PBYTE,GPIO port byte pin register,,rw
GPIO_B64,0,1,PBYTE,GPIO port byte pin register,,rw
GPIO_B65,0,1,PBYTE,GPIO port byte pin register,,rw
GPIO_B66,0,1,PBYTE,GPIO port byte pin register,,rw
GPIO_B67,0,1,PBYTE,GPIO port byte pin register,,rw
GPIO_B68,0,1,PBYTE,GPIO port byte pin register,,rw
GPIO_B69,0,1,PBYTE,GPIO port byte pin register,,rw
GPIO_B70,0,1,PBYTE,GPIO port byte pin register,,rw
GPIO_B71,0,1,PBYTE,GPIO port byte pin register,,rw
GPIO_B72,0,1,PBYTE,GPIO port byte pin register,,rw
GPIO_B73,0,1,PBYTE,GPIO port byte pin register,,rw
GPIO_B74,0,1,PBYTE,GPIO port byte pin register,,rw
GPIO_B75,0,1,PBYTE,GPIO port byte pin register,,rw
GPIO_B76,0,1,PBYTE,GPIO port byte pin register,,rw
GPIO_B77,0,1,PBYTE,GPIO port byte pin register,,rw
GPIO_B78,0,1,PBYTE,GPIO port byte pin register,,rw
GPIO_B79,0,1,PBYTE,GPIO port byte pin register,,rw
GPIO_B80,0,1,PBYTE,GPIO port byte pin register,,rw
GPIO_B81,0,1,PBYTE,GPIO port byte pin register,,rw
GPIO_B82,0,1,PBYTE,GPIO port byte pin register,,rw
GPIO_B83,0,1,PBYTE,GPIO port byte pin register,,rw
GPIO_B84,0,1,PBYTE,GPIO port byte pin register,,rw
GPIO_B85,0,1,PBYTE,GPIO port byte pin register,,rw
GPIO_B86,0,1,PBYTE,GPIO port byte pin register,,rw
GPIO_B87,0,1,PBYTE,GPIO port byte pin register,,rw
GPIO_B88,0,1,PBYTE,GPIO port byte pin register,,rw
GPIO_B89,0,1,PBYTE,GPIO port byte pin register,,rw
GPIO_B90,0,1,PBYTE,GPIO port byte pin register,,rw
GPIO_B91,0,1,PBYTE,GPIO port byte pin register,,rw
GPIO_B92,0,1,PBYTE,GPIO port byte pin register,,rw
GPIO_B93,0,1,PBYTE,GPIO port byte pin register,,rw
GPIO_B94,0,1,PBYTE,GPIO port byte pin register,,rw
GPIO_B95,0,1,PBYTE,GPIO port byte pin register,,rw
GPIO_B96,0,1,PBYTE,GPIO port byte pin register,,rw
GPIO_B97,0,1,PBYTE,GPIO port byte pin register,,rw
GPIO_B98,0,1,PBYTE,GPIO port byte pin register,,rw
GPIO_B99,0,1,PBYTE,GPIO port byte pin register,,rw
GPIO_B100,0,1,PBYTE,GPIO port byte pin register,,rw
GPIO_B101,0,1,PBYTE,GPIO port byte pin register,,rw
GPIO_B102,0,1,PBYTE,GPIO port byte pin register,,rw
GPIO_B103,0,1,PBYTE,GPIO port byte pin register,,rw
GPIO_B104,0,1,PBYTE,GPIO port byte pin register,,rw
GPIO_B105,0,1,PBYTE,GPIO port byte pin register,,rw
GPIO_B106,0,1,PBYTE,GPIO port byte pin register,,rw
GPIO_B107,0,1,PBYTE,GPIO port byte pin register,,rw
GPIO_B108,0,1,PBYTE,GPIO port byte pin register,,rw
GPIO_B109,0,1,PBYTE,GPIO port byte pin register,,rw
GPIO_B110,0,1,PBYTE,GPIO port byte pin register,,rw
GPIO_B111,0,1,PBYTE,GPIO port byte pin register,,rw
GPIO_B112,0,1,PBYTE,GPIO port byte pin register,,rw
GPIO_B113,0,1,PBYTE,GPIO port byte pin register,,rw
GPIO_B114,0,1,PBYTE,GPIO port byte pin register,,rw
GPIO_B115,0,1,PBYTE,GPIO port byte pin register,,rw
GPIO_B116,0,1,PBYTE,GPIO port byte pin register,,rw
GPIO_B117,0,1,PBYTE,GPIO port byte pin register,,rw
GPIO_B118,0,1,PBYTE,GPIO port byte pin register,,rw
GPIO_B119,0,1,PBYTE,GPIO port byte pin register,,rw
GPIO_B120,0,1,PBYTE,GPIO port byte pin register,,rw
GPIO_B121,0,1,PBYTE,GPIO port byte pin register,,rw
GPIO_B122,0,1,PBYTE,GPIO port byte pin register,,rw
GPIO_B123,0,1,PBYTE,GPIO port byte pin register,,rw
GPIO_B124,0,1,PBYTE,GPIO port byte pin register,,rw
GPIO_B125,0,1,PBYTE,GPIO port byte pin register,,rw
GPIO_B126,0,1,PBYTE,GPIO port byte pin register,,rw
GPIO_B127,0,1,PBYTE,GPIO port byte pin register,,rw
GPIO_B128,0,1,PBYTE,GPIO port byte pin register,,rw
GPIO_B129,0,1,PBYTE,GPIO port byte pin register,,rw
GPIO_B130,0,1,PBYTE,GPIO port byte pin register,,rw
GPIO_B131,0,1,PBYTE,GPIO port byte pin register,,rw
GPIO_B132,0,1,PBYTE,GPIO port byte pin register,,rw
GPIO_B133,0,1,PBYTE,GPIO port byte pin register,,rw
GPIO_B134,0,1,PBYTE,GPIO port byte pin register,,rw
GPIO_B135,0,1,PBYTE,GPIO port byte pin register,,rw
GPIO_B136,0,1,PBYTE,GPIO port byte pin register,,rw
GPIO_B137,0,1,PBYTE,GPIO port byte pin register,,rw
GPIO_B138,0,1,PBYTE,GPIO port byte pin register,,rw
GPIO_B139,0,1,PBYTE,GPIO port byte pin register,,rw
GPIO_B140,0,1,PBYTE,GPIO port byte pin register,,rw
GPIO_B141,0,1,PBYTE,GPIO port byte pin register,,rw
GPIO_B142,0,1,PBYTE,GPIO port byte pin register,,rw
GPIO_B143,0,1,PBYTE,GPIO port byte pin register,,rw
GPIO_B144,0,1,PBYTE,GPIO port byte pin register,,rw
GPIO_B145,0,1,PBYTE,GPIO port byte pin register,,rw
GPIO_B146,0,1,PBYTE,GPIO port byte pin register,,rw
GPIO_B147,0,1,PBYTE,GPIO port byte pin register,,rw
GPIO_B148,0,1,PBYTE,GPIO port byte pin register,,rw
GPIO_B149,0,1,PBYTE,GPIO port byte pin register,,rw
GPIO_B150,0,1,PBYTE,GPIO port byte pin register,,rw
GPIO_B151,0,1,PBYTE,GPIO port byte pin register,,rw
GPIO_B152,0,1,PBYTE,GPIO port byte pin register,,rw
GPIO_B153,0,1,PBYTE,GPIO port byte pin register,,rw
GPIO_B154,0,1,PBYTE,GPIO port byte pin register,,rw
GPIO_B155,0,1,PBYTE,GPIO port byte pin register,,rw
GPIO_B156,0,1,PBYTE,GPIO port byte pin register,,rw
GPIO_B157,0,1,PBYTE,GPIO port byte pin register,,rw
GPIO_B158,0,1,PBYTE,GPIO port byte pin register,,rw
GPIO_B159,0,1,PBYTE,GPIO port byte pin register,,rw
GPIO_B160,0,1,PBYTE,GPIO port byte pin register,,rw
GPIO_B161,0,1,PBYTE,GPIO port byte pin register,,rw
GPIO_B162,0,1,PBYTE,GPIO port byte pin register,,rw
GPIO_B163,0,1,PBYTE,GPIO port byte pin register,,rw
GPIO_B164,0,1,PBYTE,GPIO port byte pin register,,rw
GPIO_B165,0,1,PBYTE,GPIO port byte pin register,,rw
GPIO_B166,0,1,PBYTE,GPIO port byte pin register,,rw
GPIO_B167,0,1,PBYTE,GPIO port byte pin register,,rw
GPIO_B168,0,1,PBYTE,GPIO port byte pin register,,rw
GPIO_B169,0,1,PBYTE,GPIO port byte pin register,,rw
GPIO_B170,0,1,PBYTE,GPIO port byte pin register,,rw
GPIO_B171,0,1,PBYTE,GPIO port byte pin register,,rw
GPIO_B172,0,1,PBYTE,GPIO port byte pin register,,rw
GPIO_B173,0,1,PBYTE,GPIO port byte pin register,,rw
GPIO_B174,0,1,PBYTE,GPIO port byte pin register,,rw
GPIO_B175,0,1,PBYTE,GPIO port byte pin register,,rw
GPIO_B176,0,1,PBYTE,GPIO port byte pin register,,rw
GPIO_B177,0,1,PBYTE,GPIO port byte pin register,,rw
GPIO_B178,0,1,PBYTE,GPIO port byte pin register,,rw
GPIO_B179,0,1,PBYTE,GPIO port byte pin register,,rw
GPIO_B180,0,1,PBYTE,GPIO port byte pin register,,rw
GPIO_B181,0,1,PBYTE,GPIO port byte pin register,,rw
GPIO_B182,0,1,PBYTE,GPIO port byte pin register,,rw
GPIO_B183,0,1,PBYTE,GPIO port byte pin register,,rw
GPIO_B184,0,1,PBYTE,GPIO port byte pin register,,rw
GPIO_B185,0,1,PBYTE,GPIO port byte pin register,,rw
GPIO_B186,0,1,PBYTE,GPIO port byte pin register,,rw
GPIO_B187,0,1,PBYTE,GPIO port byte pin register,,rw
GPIO_B188,0,1,PBYTE,GPIO port byte pin register,,rw
GPIO_B189,0,1,PBYTE,GPIO port byte pin register,,rw
GPIO_B190,0,1,PBYTE,GPIO port byte pin register,,rw
GPIO_B191,0,1,PBYTE,GPIO port byte pin register,,rw
GPIO_B192,0,1,PBYTE,GPIO port byte pin register,,rw
GPIO_B193,0,1,PBYTE,GPIO port byte pin register,,rw
GPIO_B194,0,1,PBYTE,GPIO port byte pin register,,rw
GPIO_B195,0,1,PBYTE,GPIO port byte pin register,,rw
GPIO_B196,0,1,PBYTE,GPIO port byte pin register,,rw
GPIO_B197,0,1,PBYTE,GPIO port byte pin register,,rw
GPIO_B198,0,1,PBYTE,GPIO port byte pin register,,rw
GPIO_B199,0,1,PBYTE,GPIO port byte pin register,,rw
GPIO_B200,0,1,PBYTE,GPIO port byte pin register,,rw
GPIO_B201,0,1,PBYTE,GPIO port byte pin register,,rw
GPIO_B202,0,1,PBYTE,GPIO port byte pin register,,rw
GPIO_B203,0,1,PBYTE,GPIO port byte pin register,,rw
GPIO_B204,0,1,PBYTE,GPIO port byte pin register,,rw
GPIO_B205,0,1,PBYTE,GPIO port byte pin register,,rw
GPIO_B206,0,1,PBYTE,GPIO port byte pin register,,rw
GPIO_B207,0,1,PBYTE,GPIO port byte pin register,,rw
GPIO_B208,0,1,PBYTE,GPIO port byte pin register,,rw
GPIO_B209,0,1,PBYTE,GPIO port byte pin register,,rw
GPIO_B210,0,1,PBYTE,GPIO port byte pin register,,rw
GPIO_B211,0,1,PBYTE,GPIO port byte pin register,,rw
GPIO_B212,0,1,PBYTE,GPIO port byte pin register,,rw
GPIO_B213,0,1,PBYTE,GPIO port byte pin register,,rw
GPIO_B214,0,1,PBYTE,GPIO port byte pin register,,rw
GPIO_B215,0,1,PBYTE,GPIO port byte pin register,,rw
GPIO_B216,0,1,PBYTE,GPIO port byte pin register,,rw
GPIO_B217,0,1,PBYTE,GPIO port byte pin register,,rw
GPIO_B218,0,1,PBYTE,GPIO port byte pin register,,rw
GPIO_B219,0,1,PBYTE,GPIO port byte pin register,,rw
GPIO_B220,0,1,PBYTE,GPIO port byte pin register,,rw
GPIO_B221,0,1,PBYTE,GPIO port byte pin register,,rw
GPIO_B222,0,1,PBYTE,GPIO port byte pin register,,rw
GPIO_B223,0,1,PBYTE,GPIO port byte pin register,,rw
GPIO_B224,0,1,PBYTE,GPIO port byte pin register,,rw
GPIO_B225,0,1,PBYTE,GPIO port byte pin register,,rw
GPIO_B226,0,1,PBYTE,GPIO port byte pin register,,rw
GPIO_B227,0,1,PBYTE,GPIO port byte pin register,,rw
GPIO_B228,0,1,PBYTE,GPIO port byte pin register,,rw
GPIO_B229,0,1,PBYTE,GPIO port byte pin register,,rw
GPIO_B230,0,1,PBYTE,GPIO port byte pin register,,rw
GPIO_B231,0,1,PBYTE,GPIO port byte pin register,,rw
GPIO_B232,0,1,PBYTE,GPIO port byte pin register,,rw
GPIO_B233,0,1,PBYTE,GPIO port byte pin register,,rw
GPIO_B234,0,1,PBYTE,GPIO port byte pin register,,rw
GPIO_B235,0,1,PBYTE,GPIO port byte pin register,,rw
GPIO_B236,0,1,PBYTE,GPIO port byte pin register,,rw
GPIO_B237,0,1,PBYTE,GPIO port byte pin register,,rw
GPIO_B238,0,1,PBYTE,GPIO port byte pin register,,rw
GPIO_B239,0,1,PBYTE,GPIO port byte pin register,,rw
GPIO_B240,0,1,PBYTE,GPIO port byte pin register,,rw
GPIO_B241,0,1,PBYTE,GPIO port byte pin register,,rw
GPIO_B242,0,1,PBYTE,GPIO port byte pin register,,rw
GPIO_B243,0,1,PBYTE,GPIO port byte pin register,,rw
GPIO_B244,0,1,PBYTE,GPIO port byte pin register,,rw
GPIO_B245,0,1,PBYTE,GPIO port byte pin register,,rw
GPIO_B246,0,1,PBYTE,GPIO port byte pin register,,rw
GPIO_B247,0,1,PBYTE,GPIO port byte pin register,,rw
GPIO_B248,0,1,PBYTE,GPIO port byte pin register,,rw
GPIO_B249,0,1,PBYTE,GPIO port byte pin register,,rw
GPIO_B250,0,1,PBYTE,GPIO port byte pin register,,rw
GPIO_B251,0,1,PBYTE,GPIO port byte pin register,,rw
GPIO_B252,0,1,PBYTE,GPIO port byte pin register,,rw
GPIO_B253,0,1,PBYTE,GPIO port byte pin register,,rw
GPIO_B254,0,1,PBYTE,GPIO port byte pin register,,rw
GPIO_B255,0,1,PBYTE,GPIO port byte pin register,,rw
GPIO_W0,0,32,PWORD,GPIO port word pin register,,rw
GPIO_W1,0,32,PWORD,GPIO port word pin register,,rw
GPIO_W2,0,32,PWORD,GPIO port word pin register,,rw
GPIO_W3,0,32,PWORD,GPIO port word pin register,,rw
GPIO_W4,0,32,PWORD,GPIO port word pin register,,rw
GPIO_W5,0,32,PWORD,GPIO port word pin register,,rw
GPIO_W6,0,32,PWORD,GPIO port word pin register,,rw
GPIO_W7,0,32,PWORD,GPIO port word pin register,,rw
GPIO_W8,0,32,PWORD,GPIO port word pin register,,rw
GPIO_W9,0,32,PWORD,GPIO port word pin register,,rw
GPIO_W10,0,32,PWORD,GPIO port word pin register,,rw
GPIO_W11,0,32,PWORD,GPIO port word pin register,,rw
GPIO_W12,0,32,PWORD,GPIO port word pin register,,rw
GPIO_W13,0,32,PWORD,GPIO port word pin register,,rw
GPIO_W14,0,32,PWORD,GPIO port word pin register,,rw
GPIO_W15,0,32,PWORD,GPIO port word pin register,,rw
GPIO_W16,0,32,PWORD,GPIO port word pin register,,rw
GPIO_W17,0,32,PWORD,GPIO port word pin register,,rw
GPIO_W18,0,32,PWORD,GPIO port word pin register,,rw
GPIO_W19,0,32,PWORD,GPIO port word pin register,,rw
GPIO_W20,0,32,PWORD,GPIO port word pin register,,rw
GPIO_W21,0,32,PWORD,GPIO port word pin register,,rw
GPIO_W22,0,32,PWORD,GPIO port word pin register,,rw
GPIO_W23,0,32,PWORD,GPIO port word pin register,,rw
GPIO_W24,0,32,PWORD,GPIO port word pin register,,rw
GPIO_W25,0,32,PWORD,GPIO port word pin register,,rw
GPIO_W26,0,32,PWORD,GPIO port word pin register,,rw
GPIO_W27,0,32,PWORD,GPIO port word pin register,,rw
GPIO_W28,0,32,PWORD,GPIO port word pin register,,rw
GPIO_W29,0,32,PWORD,GPIO port word pin register,,rw
GPIO_W30,0,32,PWORD,GPIO port word pin register,,rw
GPIO_W31,0,32,PWORD,GPIO port word pin register,,rw
GPIO_W32,0,32,PWORD,GPIO port word pin register,,rw
GPIO_W33,0,32,PWORD,GPIO port word pin register,,rw
GPIO_W34,0,32,PWORD,GPIO port word pin register,,rw
GPIO_W35,0,32,PWORD,GPIO port word pin register,,rw
GPIO_W36,0,32,PWORD,GPIO port word pin register,,rw
GPIO_W37,0,32,PWORD,GPIO port word pin register,,rw
GPIO_W38,0,32,PWORD,GPIO port word pin register,,rw
GPIO_W39,0,32,PWORD,GPIO port word pin register,,rw
GPIO_W40,0,32,PWORD,GPIO port word pin register,,rw
GPIO_W41,0,32,PWORD,GPIO port word pin register,,rw
GPIO_W42,0,32,PWORD,GPIO port word pin register,,rw
GPIO_W43,0,32,PWORD,GPIO port word pin register,,rw
GPIO_W44,0,32,PWORD,GPIO port word pin register,,rw
GPIO_W45,0,32,PWORD,GPIO port word pin register,,rw
GPIO_W46,0,32,PWORD,GPIO port word pin register,,rw
GPIO_W47,0,32,PWORD,GPIO port word pin register,,rw
GPIO_W48,0,32,PWORD,GPIO port word pin register,,rw
GPIO_W49,0,32,PWORD,GPIO port word pin register,,rw
GPIO_W50,0,32,PWORD,GPIO port word pin register,,rw
GPIO_W51,0,32,PWORD,GPIO port word pin register,,rw
GPIO_W52,0,32,PWORD,GPIO port word pin register,,rw
GPIO_W53,0,32,PWORD,GPIO port word pin register,,rw
GPIO_W54,0,32,PWORD,GPIO port word pin register,,rw
GPIO_W55,0,32,PWORD,GPIO port word pin register,,rw
GPIO_W56,0,32,PWORD,GPIO port word pin register,,rw
GPIO_W57,0,32,PWORD,GPIO port word pin register,,rw
GPIO_W58,0,32,PWORD,GPIO port word pin register,,rw
GPIO_W59,0,32,PWORD,GPIO port word pin register,,rw
GPIO_W60,0,32,PWORD,GPIO port word pin register,,rw
GPIO_W61,0,32,PWORD,GPIO port word pin register,,rw
GPIO_W62,0,32,PWORD,GPIO port word pin register,,rw
GPIO_W63,0,32,PWORD,GPIO port word pin register,,rw
GPIO_W64,0,32,PWORD,GPIO port word pin register,,rw
GPIO_W65,0,32,PWORD,GPIO port word pin register,,rw
GPIO_W66,0,32,PWORD,GPIO port word pin register,,rw
GPIO_W67,0,32,PWORD,GPIO port word pin register,,rw
GPIO_W68,0,32,PWORD,GPIO port word pin register,,rw
GPIO_W69,0,32,PWORD,GPIO port word pin register,,rw
GPIO_W70,0,32,PWORD,GPIO port word pin register,,rw
GPIO_W71,0,32,PWORD,GPIO port word pin register,,rw
GPIO_W72,0,32,PWORD,GPIO port word pin register,,rw
GPIO_W73,0,32,PWORD,GPIO port word pin register,,rw
GPIO_W74,0,32,PWORD,GPIO port word pin register,,rw
GPIO_W75,0,32,PWORD,GPIO port word pin register,,rw
GPIO_W76,0,32,PWORD,GPIO port word pin register,,rw
GPIO_W77,0,32,PWORD,GPIO port word pin register,,rw
GPIO_W78,0,32,PWORD,GPIO port word pin register,,rw
GPIO_W79,0,32,PWORD,GPIO port word pin register,,rw
GPIO_W80,0,32,PWORD,GPIO port word pin register,,rw
GPIO_W81,0,32,PWORD,GPIO port word pin register,,rw
GPIO_W82,0,32,PWORD,GPIO port word pin register,,rw
GPIO_W83,0,32,PWORD,GPIO port word pin register,,rw
GPIO_W84,0,32,PWORD,GPIO port word pin register,,rw
GPIO_W85,0,32,PWORD,GPIO port word pin register,,rw
GPIO_W86,0,32,PWORD,GPIO port word pin register,,rw
GPIO_W87,0,32,PWORD,GPIO port word pin register,,rw
GPIO_W88,0,32,PWORD,GPIO port word pin register,,rw
GPIO_W89,0,32,PWORD,GPIO port word pin register,,rw
GPIO_W90,0,32,PWORD,GPIO port word pin register,,rw
GPIO_W91,0,32,PWORD,GPIO port word pin register,,rw
GPIO_W92,0,32,PWORD,GPIO port word pin register,,rw
GPIO_W93,0,32,PWORD,GPIO port word pin register,,rw
GPIO_W94,0,32,PWORD,GPIO port word pin register,,rw
GPIO_W95,0,32,PWORD,GPIO port word pin register,,rw
GPIO_W96,0,32,PWORD,GPIO port word pin register,,rw
GPIO_W97,0,32,PWORD,GPIO port word pin register,,rw
GPIO_W98,0,32,PWORD,GPIO port word pin register,,rw
GPIO_W99,0,32,PWORD,GPIO port word pin register,,rw
GPIO_W100,0,32,PWORD,GPIO port word pin register,,rw
GPIO_W101,0,32,PWORD,GPIO port word pin register,,rw
GPIO_W102,0,32,PWORD,GPIO port word pin register,,rw
GPIO_W103,0,32,PWORD,GPIO port word pin register,,rw
GPIO_W104,0,32,PWORD,GPIO port word pin register,,rw
GPIO_W105,0,32,PWORD,GPIO port word pin register,,rw
GPIO_W106,0,32,PWORD,GPIO port word pin register,,rw
GPIO_W107,0,32,PWORD,GPIO port word pin register,,rw
GPIO_W108,0,32,PWORD,GPIO port word pin register,,rw
GPIO_W109,0,32,PWORD,GPIO port word pin register,,rw
GPIO_W110,0,32,PWORD,GPIO port word pin register,,rw
GPIO_W111,0,32,PWORD,GPIO port word pin register,,rw
GPIO_W112,0,32,PWORD,GPIO port word pin register,,rw
GPIO_W113,0,32,PWORD,GPIO port word pin register,,rw
GPIO_W114,0,32,PWORD,GPIO port word pin register,,rw
GPIO_W115,0,32,PWORD,GPIO port word pin register,,rw
GPIO_W116,0,32,PWORD,GPIO port word pin register,,rw
GPIO_W117,0,32,PWORD,GPIO port word pin register,,rw
GPIO_W118,0,32,PWORD,GPIO port word pin register,,rw
GPIO_W119,0,32,PWORD,GPIO port word pin register,,rw
GPIO_W120,0,32,PWORD,GPIO port word pin register,,rw
GPIO_W121,0,32,PWORD,GPIO port word pin register,,rw
GPIO_W122,0,32,PWORD,GPIO port word pin register,,rw
GPIO_W123,0,32,PWORD,GPIO port word pin register,,rw
GPIO_W124,0,32,PWORD,GPIO port word pin register,,rw
GPIO_W125,0,32,PWORD,GPIO port word pin register,,rw
GPIO_W126,0,32,PWORD,GPIO port word pin register,,rw
GPIO_W127,0,32,PWORD,GPIO port word pin register,,rw
GPIO_W128,0,32,PWORD,GPIO port word pin register,,rw
GPIO_W129,0,32,PWORD,GPIO port word pin register,,rw
GPIO_W130,0,32,PWORD,GPIO port word pin register,,rw
GPIO_W131,0,32,PWORD,GPIO port word pin register,,rw
GPIO_W132,0,32,PWORD,GPIO port word pin register,,rw
GPIO_W133,0,32,PWORD,GPIO port word pin register,,rw
GPIO_W134,0,32,PWORD,GPIO port word pin register,,rw
GPIO_W135,0,32,PWORD,GPIO port word pin register,,rw
GPIO_W136,0,32,PWORD,GPIO port word pin register,,rw
GPIO_W137,0,32,PWORD,GPIO port word pin register,,rw
GPIO_W138,0,32,PWORD,GPIO port word pin register,,rw
GPIO_W139,0,32,PWORD,GPIO port word pin register,,rw
GPIO_W140,0,32,PWORD,GPIO port word pin register,,rw
GPIO_W141,0,32,PWORD,GPIO port word pin register,,rw
GPIO_W142,0,32,PWORD,GPIO port word pin register,,rw
GPIO_W143,0,32,PWORD,GPIO port word pin register,,rw
GPIO_W144,0,32,PWORD,GPIO port word pin register,,rw
GPIO_W145,0,32,PWORD,GPIO port word pin register,,rw
GPIO_W146,0,32,PWORD,GPIO port word pin register,,rw
GPIO_W147,0,32,PWORD,GPIO port word pin register,,rw
GPIO_W148,0,32,PWORD,GPIO port word pin register,,rw
GPIO_W149,0,32,PWORD,GPIO port word pin register,,rw
GPIO_W150,0,32,PWORD,GPIO port word pin register,,rw
GPIO_W151,0,32,PWORD,GPIO port word pin register,,rw
GPIO_W152,0,32,PWORD,GPIO port word pin register,,rw
GPIO_W153,0,32,PWORD,GPIO port word pin register,,rw
GPIO_W154,0,32,PWORD,GPIO port word pin register,,rw
GPIO_W155,0,32,PWORD,GPIO port word pin register,,rw
GPIO_W156,0,32,PWORD,GPIO port word pin register,,rw
GPIO_W157,0,32,PWORD,GPIO port word pin register,,rw
GPIO_W158,0,32,PWORD,GPIO port word pin register,,rw
GPIO_W159,0,32,PWORD,GPIO port word pin register,,rw
GPIO_W160,0,32,PWORD,GPIO port word pin register,,rw
GPIO_W161,0,32,PWORD,GPIO port word pin register,,rw
GPIO_W162,0,32,PWORD,GPIO port word pin register,,rw
GPIO_W163,0,32,PWORD,GPIO port word pin register,,rw
GPIO_W164,0,32,PWORD,GPIO port word pin register,,rw
GPIO_W165,0,32,PWORD,GPIO port word pin register,,rw
GPIO_W166,0,32,PWORD,GPIO port word pin register,,rw
GPIO_W167,0,32,PWORD,GPIO port word pin register,,rw
GPIO_W168,0,32,PWORD,GPIO port word pin register,,rw
GPIO_W169,0,32,PWORD,GPIO port word pin register,,rw
GPIO_W170,0,32,PWORD,GPIO port word pin register,,rw
GPIO_W171,0,32,PWORD,GPIO port word pin register,,rw
GPIO_W172,0,32,PWORD,GPIO port word pin register,,rw
GPIO_W173,0,32,PWORD,GPIO port word pin register,,rw
GPIO_W174,0,32,PWORD,GPIO port word pin register,,rw
GPIO_W175,0,32,PWORD,GPIO port word pin register,,rw
GPIO_W176,0,32,PWORD,GPIO port word pin register,,rw
GPIO_W177,0,32,PWORD,GPIO port word pin register,,rw
GPIO_W178,0,32,PWORD,GPIO port word pin register,,rw
GPIO_W179,0,32,PWORD,GPIO port word pin register,,rw
GPIO_W180,0,32,PWORD,GPIO port word pin register,,rw
GPIO_W181,0,32,PWORD,GPIO port word pin register,,rw
GPIO_W182,0,32,PWORD,GPIO port word pin register,,rw
GPIO_W183,0,32,PWORD,GPIO port word pin register,,rw
GPIO_W184,0,32,PWORD,GPIO port word pin register,,rw
GPIO_W185,0,32,PWORD,GPIO port word pin register,,rw
GPIO_W186,0,32,PWORD,GPIO port word pin register,,rw
GPIO_W187,0,32,PWORD,GPIO port word pin register,,rw
GPIO_W188,0,32,PWORD,GPIO port word pin register,,rw
GPIO_W189,0,32,PWORD,GPIO port word pin register,,rw
GPIO_W190,0,32,PWORD,GPIO port word pin register,,rw
GPIO_W191,0,32,PWORD,GPIO port word pin register,,rw
GPIO_W192,0,32,PWORD,GPIO port word pin register,,rw
GPIO_W193,0,32,PWORD,GPIO port word pin register,,rw
GPIO_W194,0,32,PWORD,GPIO port word pin register,,rw
GPIO_W195,0,32,PWORD,GPIO port word pin register,,rw
GPIO_W196,0,32,PWORD,GPIO port word pin register,,rw
GPIO_W197,0,32,PWORD,GPIO port word pin register,,rw
GPIO_W198,0,32,PWORD,GPIO port word pin register,,rw
GPIO_W199,0,32,PWORD,GPIO port word pin register,,rw
GPIO_W200,0,32,PWORD,GPIO port word pin register,,rw
GPIO_W201,0,32,PWORD,GPIO port word pin register,,rw
GPIO_W202,0,32,PWORD,GPIO port word pin register,,rw
GPIO_W203,0,32,PWORD,GPIO port word pin register,,rw
GPIO_W204,0,32,PWORD,GPIO port word pin register,,rw
GPIO_W205,0,32,PWORD,GPIO port word pin register,,rw
GPIO_W206,0,32,PWORD,GPIO port word pin register,,rw
GPIO_W207,0,32,PWORD,GPIO port word pin register,,rw
GPIO_W208,0,32,PWORD,GPIO port word pin register,,rw
GPIO_W209,0,32,PWORD,GPIO port word pin register,,rw
GPIO_W210,0,32,PWORD,GPIO port word pin register,,rw
GPIO_W211,0,32,PWORD,GPIO port word pin register,,rw
GPIO_W212,0,32,PWORD,GPIO port word pin register,,rw
GPIO_W213,0,32,PWORD,GPIO port word pin register,,rw
GPIO_W214,0,32,PWORD,GPIO port word pin register,,rw
GPIO_W215,0,32,PWORD,GPIO port word pin register,,rw
GPIO_W216,0,32,PWORD,GPIO port word pin register,,rw
GPIO_W217,0,32,PWORD,GPIO port word pin register,,rw
GPIO_W218,0,32,PWORD,GPIO port word pin register,,rw
GPIO_W219,0,32,PWORD,GPIO port word pin register,,rw
GPIO_W220,0,32,PWORD,GPIO port word pin register,,rw
GPIO_W221,0,32,PWORD,GPIO port word pin register,,rw
GPIO_W222,0,32,PWORD,GPIO port word pin register,,rw
GPIO_W223,0,32,PWORD,GPIO port word pin register,,rw
GPIO_W224,0,32,PWORD,GPIO port word pin register,,rw
GPIO_W225,0,32,PWORD,GPIO port word pin register,,rw
GPIO_W226,0,32,PWORD,GPIO port word pin register,,rw
GPIO_W227,0,32,PWORD,GPIO port word pin register,,rw
GPIO_W228,0,32,PWORD,GPIO port word pin register,,rw
GPIO_W229,0,32,PWORD,GPIO port word pin register,,rw
GPIO_W230,0,32,PWORD,GPIO port word pin register,,rw
GPIO_W231,0,32,PWORD,GPIO port word pin register,,rw
GPIO_W232,0,32,PWORD,GPIO port word pin register,,rw
GPIO_W233,0,32,PWORD,GPIO port word pin register,,rw
GPIO_W234,0,32,PWORD,GPIO port word pin register,,rw
GPIO_W235,0,32,PWORD,GPIO port word pin register,,rw
GPIO_W236,0,32,PWORD,GPIO port word pin register,,rw
GPIO_W237,0,32,PWORD,GPIO port word pin register,,rw
GPIO_W238,0,32,PWORD,GPIO port word pin register,,rw
GPIO_W239,0,32,PWORD,GPIO port word pin register,,rw
GPIO_W240,0,32,PWORD,GPIO port word pin register,,rw
GPIO_W241,0,32,PWORD,GPIO port word pin register,,rw
GPIO_W242,0,32,PWORD,GPIO port word pin register,,rw
GPIO_W243,0,32,PWORD,GPIO port word pin register,,rw
GPIO_W244,0,32,PWORD,GPIO port word pin register,,rw
GPIO_W245,0,32,PWORD,GPIO port word pin register,,rw
GPIO_W246,0,32,PWORD,GPIO port word pin register,,rw
GPIO_W247,0,32,PWORD,GPIO port word pin register,,rw
GPIO_W248,0,32,PWORD,GPIO port word pin register,,rw
GPIO_W249,0,32,PWORD,GPIO port word pin register,,rw
GPIO_W250,0,32,PWORD,GPIO port word pin register,,rw
GPIO_W251,0,32,PWORD,GPIO port word pin register,,rw
GPIO_W252,0,32,PWORD,GPIO port word pin register,,rw
GPIO_W253,0,32,PWORD,GPIO port word pin register,,rw
GPIO_W254,0,32,PWORD,GPIO port word pin register,,rw
GPIO_W255,0,32,PWORD,GPIO port word pin register,,rw
GPIO0_DIR,0,32,DIR,Selects pin direction for GPIO0,0,rw
GPIO1_DIR,0,32,DIR,Selects pin direction for GPIO1,0,rw
GPIO2_DIR,0,32,DIR,Selects pin direction for GPIO2,0,rw
GPIO3_DIR,0,32,DIR,Selects pin direction for GPIO3,0,rw
GPIO4_DIR,0,32,DIR,Selects pin direction for GPIO4,0,rw
GPIO5_DIR,0,32,DIR,Selects pin direction for GPIO5,0,rw
GPIO6_DIR,0,32,DIR,Selects pin direction for GPIO6,0,rw
GPIO7_DIR,0,32,DIR,Selects pin direction for GPIO7,0,rw
GPIO0_MASK,0,32,MASK,Controls which pins are active in the MPORT register,0,rw
GPIO1_MASK,0,32,MASK,Controls which pins are active in the MPORT register,0,rw
GPIO2_MASK,0,32,MASK,Controls which pins are active in the MPORT register,0,rw
GPIO3_MASK,0,32,MASK,Controls which pins are active in the MPORT register,0,rw
GPIO4_MASK,0,32,MASK,Controls which pins are active in the MPORT register,0,rw
GPIO5_MASK,0,32,MASK,Controls which pins are active in the MPORT register,0,rw
GPIO6_MASK,0,32,MASK,Controls which pins are active in the MPORT register,0,rw
GPIO7_MASK,0,32,MASK,Controls which pins are active in the MPORT register,0,rw
GPIO0_PIN,0,32,PORT,Reads pin states or loads output bits,,rw
GPIO1_PIN,0,32,PORT,Reads pin states or loads output bits,,rw
GPIO2_PIN,0,32,PORT,Reads pin states or loads output bits,,rw
GPIO3_PIN,0,32,PORT,Reads pin states or loads output bits,,rw
GPIO4_PIN,0,32,PORT,Reads pin states or loads output bits,,rw
GPIO5_PIN,0,32,PORT,Reads pin states or loads output bits,,rw
GPIO6_PIN,0,32,PORT,Reads pin states or loads output bits,,rw
GPIO7_PIN,0,32,PORT,Reads pin states or loads output bits,,rw
GPIO0_MPIN,0,32,MPORT,Masked port register,,rw
GPIO1_MPIN,0,32,MPORT,Masked port register,,rw
GPIO2_MPIN,0,32,MPORT,Masked port register,,rw
GPIO3_MPIN,0,32,MPORT,Masked port register,,rw
GPIO4_MPIN,0,32,MPORT,Masked port register,,rw
GPIO5_MPIN,0,32,MPORT,Masked port register,,rw
GPIO6_MPIN,0,32,MPORT,Masked port register,,rw
GPIO7_MPIN,0,32,MPORT,Masked port register,,rw
GPIO0_SET,0,32,SET,Read or set output bits,0,rw
GPIO1_SET,0,32,SET,Read or set output bits,0,rw
GPIO2_SET,0,32,SET,Read or set output bits,0,rw
GPIO3_SET,0,32,SET,Read or set output bits,0,rw
GPIO4_SET,0,32,SET,Read or set output bits,0,rw
GPIO5_SET,0,32,SET,Read or set output bits,0,rw
GPIO6_SET,0,32,SET,Read or set output bits,0,rw
GPIO7_SET,0,32,SET,Read or set output bits,0,rw
GPIO0_CLR,0,32,CLR,Clear output bits,,w
GPIO1_CLR,0,32,CLR,Clear output bits,,w
GPIO2_CLR,0,32,CLR,Clear output bits,,w
GPIO3_CLR,0,32,CLR,Clear output bits,,w
GPIO4_CLR,0,32,CLR,Clear output bits,,w
GPIO5_CLR,0,32,CLR,Clear output bits,,w
GPIO6_CLR,0,32,CLR,Clear output bits,,w
GPIO7_CLR,0,32,CLR,Clear output bits,,w
GPIO0_NOT,0,32,NOT,Toggle output bits,,w
GPIO1_NOT,0,32,NOT,Toggle output bits,,w
GPIO2_NOT,0,32,NOT,Toggle output bits,,w
GPIO3_NOT,0,32,NOT,Toggle output bits,,w
GPIO4_NOT,0,32,NOT,Toggle output bits,,w
GPIO5_NOT,0,32,NOT,Toggle output bits,,w
GPIO6_NOT,0,32,NOT,Toggle output bits,,w
GPIO7_NOT,0,32,NOT,Toggle output bits,,w
