SCU_SFSP0_0,0,3,MODE,Select pin function,0,rw
SCU_SFSP0_0,3,1,EPD,Enable pull-down resistor at pad,0,rw
SCU_SFSP0_0,4,1,EPUN,Disable pull-up resistor at pad,0,rw
SCU_SFSP0_0,5,1,EHS,Select Slew rate,0,rw
SCU_SFSP0_0,6,1,EZI,Input buffer enable,0,rw
SCU_SFSP0_0,7,1,ZIF,Input glitch filter,0,rw
SCU_SFSP0_1,0,3,MODE,Select pin function,0,rw
SCU_SFSP0_1,3,1,EPD,Enable pull-down resistor at pad,0,rw
SCU_SFSP0_1,4,1,EPUN,Disable pull-up resistor at pad,0,rw
SCU_SFSP0_1,5,1,EHS,Select Slew rate,0,rw
SCU_SFSP0_1,6,1,EZI,Input buffer enable,0,rw
SCU_SFSP0_1,7,1,ZIF,Input glitch filter,0,rw
SCU_SFSP1_0,0,3,MODE,Select pin function,0,rw
SCU_SFSP1_0,3,1,EPD,Enable pull-down resistor at pad,0,rw
SCU_SFSP1_0,4,1,EPUN,Disable pull-up resistor at pad,0,rw
SCU_SFSP1_0,5,1,EHS,Select Slew rate,0,rw
SCU_SFSP1_0,6,1,EZI,Input buffer enable,0,rw
SCU_SFSP1_0,7,1,ZIF,Input glitch filter,0,rw
SCU_SFSP1_1,0,3,MODE,Select pin function,0,rw
SCU_SFSP1_1,3,1,EPD,Enable pull-down resistor at pad,0,rw
SCU_SFSP1_1,4,1,EPUN,Disable pull-up resistor at pad,0,rw
SCU_SFSP1_1,5,1,EHS,Select Slew rate,0,rw
SCU_SFSP1_1,6,1,EZI,Input buffer enable,0,rw
SCU_SFSP1_1,7,1,ZIF,Input glitch filter,0,rw
SCU_SFSP1_2,0,3,MODE,Select pin function,0,rw
SCU_SFSP1_2,3,1,EPD,Enable pull-down resistor at pad,0,rw
SCU_SFSP1_2,4,1,EPUN,Disable pull-up resistor at pad,0,rw
SCU_SFSP1_2,5,1,EHS,Select Slew rate,0,rw
SCU_SFSP1_2,6,1,EZI,Input buffer enable,0,rw
SCU_SFSP1_2,7,1,ZIF,Input glitch filter,0,rw
SCU_SFSP1_3,0,3,MODE,Select pin function,0,rw
SCU_SFSP1_3,3,1,EPD,Enable pull-down resistor at pad,0,rw
SCU_SFSP1_3,4,1,EPUN,Disable pull-up resistor at pad,0,rw
SCU_SFSP1_3,5,1,EHS,Select Slew rate,0,rw
SCU_SFSP1_3,6,1,EZI,Input buffer enable,0,rw
SCU_SFSP1_3,7,1,ZIF,Input glitch filter,0,rw
SCU_SFSP1_4,0,3,MODE,Select pin function,0,rw
SCU_SFSP1_4,3,1,EPD,Enable pull-down resistor at pad,0,rw
SCU_SFSP1_4,4,1,EPUN,Disable pull-up resistor at pad,0,rw
SCU_SFSP1_4,5,1,EHS,Select Slew rate,0,rw
SCU_SFSP1_4,6,1,EZI,Input buffer enable,0,rw
SCU_SFSP1_4,7,1,ZIF,Input glitch filter,0,rw
SCU_SFSP1_5,0,3,MODE,Select pin function,0,rw
SCU_SFSP1_5,3,1,EPD,Enable pull-down resistor at pad,0,rw
SCU_SFSP1_5,4,1,EPUN,Disable pull-up resistor at pad,0,rw
SCU_SFSP1_5,5,1,EHS,Select Slew rate,0,rw
SCU_SFSP1_5,6,1,EZI,Input buffer enable,0,rw
SCU_SFSP1_5,7,1,ZIF,Input glitch filter,0,rw
SCU_SFSP1_6,0,3,MODE,Select pin function,0,rw
SCU_SFSP1_6,3,1,EPD,Enable pull-down resistor at pad,0,rw
SCU_SFSP1_6,4,1,EPUN,Disable pull-up resistor at pad,0,rw
SCU_SFSP1_6,5,1,EHS,Select Slew rate,0,rw
SCU_SFSP1_6,6,1,EZI,Input buffer enable,0,rw
SCU_SFSP1_6,7,1,ZIF,Input glitch filter,0,rw
SCU_SFSP1_7,0,3,MODE,Select pin function,0,rw
SCU_SFSP1_7,3,1,EPD,Enable pull-down resistor at pad,0,rw
SCU_SFSP1_7,4,1,EPUN,Disable pull-up resistor at pad,0,rw
SCU_SFSP1_7,5,1,EHS,Select Slew rate,0,rw
SCU_SFSP1_7,6,1,EZI,Input buffer enable,0,rw
SCU_SFSP1_7,7,1,ZIF,Input glitch filter,0,rw
SCU_SFSP1_8,0,3,MODE,Select pin function,0,rw
SCU_SFSP1_8,3,1,EPD,Enable pull-down resistor at pad,0,rw
SCU_SFSP1_8,4,1,EPUN,Disable pull-up resistor at pad,0,rw
SCU_SFSP1_8,5,1,EHS,Select Slew rate,0,rw
SCU_SFSP1_8,6,1,EZI,Input buffer enable,0,rw
SCU_SFSP1_8,7,1,ZIF,Input glitch filter,0,rw
SCU_SFSP1_9,0,3,MODE,Select pin function,0,rw
SCU_SFSP1_9,3,1,EPD,Enable pull-down resistor at pad,0,rw
SCU_SFSP1_9,4,1,EPUN,Disable pull-up resistor at pad,0,rw
SCU_SFSP1_9,5,1,EHS,Select Slew rate,0,rw
SCU_SFSP1_9,6,1,EZI,Input buffer enable,0,rw
SCU_SFSP1_9,7,1,ZIF,Input glitch filter,0,rw
SCU_SFSP1_10,0,3,MODE,Select pin function,0,rw
SCU_SFSP1_10,3,1,EPD,Enable pull-down resistor at pad,0,rw
SCU_SFSP1_10,4,1,EPUN,Disable pull-up resistor at pad,0,rw
SCU_SFSP1_10,5,1,EHS,Select Slew rate,0,rw
SCU_SFSP1_10,6,1,EZI,Input buffer enable,0,rw
SCU_SFSP1_10,7,1,ZIF,Input glitch filter,0,rw
SCU_SFSP1_11,0,3,MODE,Select pin function,0,rw
SCU_SFSP1_11,3,1,EPD,Enable pull-down resistor at pad,0,rw
SCU_SFSP1_11,4,1,EPUN,Disable pull-up resistor at pad,0,rw
SCU_SFSP1_11,5,1,EHS,Select Slew rate,0,rw
SCU_SFSP1_11,6,1,EZI,Input buffer enable,0,rw
SCU_SFSP1_11,7,1,ZIF,Input glitch filter,0,rw
SCU_SFSP1_12,0,3,MODE,Select pin function,0,rw
SCU_SFSP1_12,3,1,EPD,Enable pull-down resistor at pad,0,rw
SCU_SFSP1_12,4,1,EPUN,Disable pull-up resistor at pad,0,rw
SCU_SFSP1_12,5,1,EHS,Select Slew rate,0,rw
SCU_SFSP1_12,6,1,EZI,Input buffer enable,0,rw
SCU_SFSP1_12,7,1,ZIF,Input glitch filter,0,rw
SCU_SFSP1_13,0,3,MODE,Select pin function,0,rw
SCU_SFSP1_13,3,1,EPD,Enable pull-down resistor at pad,0,rw
SCU_SFSP1_13,4,1,EPUN,Disable pull-up resistor at pad,0,rw
SCU_SFSP1_13,5,1,EHS,Select Slew rate,0,rw
SCU_SFSP1_13,6,1,EZI,Input buffer enable,0,rw
SCU_SFSP1_13,7,1,ZIF,Input glitch filter,0,rw
SCU_SFSP1_14,0,3,MODE,Select pin function,0,rw
SCU_SFSP1_14,3,1,EPD,Enable pull-down resistor at pad,0,rw
SCU_SFSP1_14,4,1,EPUN,Disable pull-up resistor at pad,0,rw
SCU_SFSP1_14,5,1,EHS,Select Slew rate,0,rw
SCU_SFSP1_14,6,1,EZI,Input buffer enable,0,rw
SCU_SFSP1_14,7,1,ZIF,Input glitch filter,0,rw
SCU_SFSP1_15,0,3,MODE,Select pin function,0,rw
SCU_SFSP1_15,3,1,EPD,Enable pull-down resistor at pad,0,rw
SCU_SFSP1_15,4,1,EPUN,Disable pull-up resistor at pad,0,rw
SCU_SFSP1_15,5,1,EHS,Select Slew rate,0,rw
SCU_SFSP1_15,6,1,EZI,Input buffer enable,0,rw
SCU_SFSP1_15,7,1,ZIF,Input glitch filter,0,rw
SCU_SFSP1_16,0,3,MODE,Select pin function,0,rw
SCU_SFSP1_16,3,1,EPD,Enable pull-down resistor at pad,0,rw
SCU_SFSP1_16,4,1,EPUN,Disable pull-up resistor at pad,0,rw
SCU_SFSP1_16,5,1,EHS,Select Slew rate,0,rw
SCU_SFSP1_16,6,1,EZI,Input buffer enable,0,rw
SCU_SFSP1_16,7,1,ZIF,Input glitch filter,0,rw
SCU_SFSP1_18,0,3,MODE,Select pin function,0,rw
SCU_SFSP1_18,3,1,EPD,Enable pull-down resistor at pad,0,rw
SCU_SFSP1_18,4,1,EPUN,Disable pull-up resistor at pad,0,rw
SCU_SFSP1_18,5,1,EHS,Select Slew rate,0,rw
SCU_SFSP1_18,6,1,EZI,Input buffer enable,0,rw
SCU_SFSP1_18,7,1,ZIF,Input glitch filter,0,rw
SCU_SFSP1_19,0,3,MODE,Select pin function,0,rw
SCU_SFSP1_19,3,1,EPD,Enable pull-down resistor at pad,0,rw
SCU_SFSP1_19,4,1,EPUN,Disable pull-up resistor at pad,0,rw
SCU_SFSP1_19,5,1,EHS,Select Slew rate,0,rw
SCU_SFSP1_19,6,1,EZI,Input buffer enable,0,rw
SCU_SFSP1_19,7,1,ZIF,Input glitch filter,0,rw
SCU_SFSP1_20,0,3,MODE,Select pin function,0,rw
SCU_SFSP1_20,3,1,EPD,Enable pull-down resistor at pad,0,rw
SCU_SFSP1_20,4,1,EPUN,Disable pull-up resistor at pad,0,rw
SCU_SFSP1_20,5,1,EHS,Select Slew rate,0,rw
SCU_SFSP1_20,6,1,EZI,Input buffer enable,0,rw
SCU_SFSP1_20,7,1,ZIF,Input glitch filter,0,rw
SCU_SFSP2_0,0,3,MODE,Select pin function,0,rw
SCU_SFSP2_0,3,1,EPD,Enable pull-down resistor at pad,0,rw
SCU_SFSP2_0,4,1,EPUN,Disable pull-up resistor at pad,0,rw
SCU_SFSP2_0,5,1,EHS,Select Slew rate,0,rw
SCU_SFSP2_0,6,1,EZI,Input buffer enable,0,rw
SCU_SFSP2_0,7,1,ZIF,Input glitch filter,0,rw
SCU_SFSP2_1,0,3,MODE,Select pin function,0,rw
SCU_SFSP2_1,3,1,EPD,Enable pull-down resistor at pad,0,rw
SCU_SFSP2_1,4,1,EPUN,Disable pull-up resistor at pad,0,rw
SCU_SFSP2_1,5,1,EHS,Select Slew rate,0,rw
SCU_SFSP2_1,6,1,EZI,Input buffer enable,0,rw
SCU_SFSP2_1,7,1,ZIF,Input glitch filter,0,rw
SCU_SFSP2_2,0,3,MODE,Select pin function,0,rw
SCU_SFSP2_2,3,1,EPD,Enable pull-down resistor at pad,0,rw
SCU_SFSP2_2,4,1,EPUN,Disable pull-up resistor at pad,0,rw
SCU_SFSP2_2,5,1,EHS,Select Slew rate,0,rw
SCU_SFSP2_2,6,1,EZI,Input buffer enable,0,rw
SCU_SFSP2_2,7,1,ZIF,Input glitch filter,0,rw
SCU_SFSP2_6,0,3,MODE,Select pin function,0,rw
SCU_SFSP2_6,3,1,EPD,Enable pull-down resistor at pad,0,rw
SCU_SFSP2_6,4,1,EPUN,Disable pull-up resistor at pad,0,rw
SCU_SFSP2_6,5,1,EHS,Select Slew rate,0,rw
SCU_SFSP2_6,6,1,EZI,Input buffer enable,0,rw
SCU_SFSP2_6,7,1,ZIF,Input glitch filter,0,rw
SCU_SFSP2_7,0,3,MODE,Select pin function,0,rw
SCU_SFSP2_7,3,1,EPD,Enable pull-down resistor at pad,0,rw
SCU_SFSP2_7,4,1,EPUN,Disable pull-up resistor at pad,0,rw
SCU_SFSP2_7,5,1,EHS,Select Slew rate,0,rw
SCU_SFSP2_7,6,1,EZI,Input buffer enable,0,rw
SCU_SFSP2_7,7,1,ZIF,Input glitch filter,0,rw
SCU_SFSP2_8,0,3,MODE,Select pin function,0,rw
SCU_SFSP2_8,3,1,EPD,Enable pull-down resistor at pad,0,rw
SCU_SFSP2_8,4,1,EPUN,Disable pull-up resistor at pad,0,rw
SCU_SFSP2_8,5,1,EHS,Select Slew rate,0,rw
SCU_SFSP2_8,6,1,EZI,Input buffer enable,0,rw
SCU_SFSP2_8,7,1,ZIF,Input glitch filter,0,rw
SCU_SFSP2_9,0,3,MODE,Select pin function,0,rw
SCU_SFSP2_9,3,1,EPD,Enable pull-down resistor at pad,0,rw
SCU_SFSP2_9,4,1,EPUN,Disable pull-up resistor at pad,0,rw
SCU_SFSP2_9,5,1,EHS,Select Slew rate,0,rw
SCU_SFSP2_9,6,1,EZI,Input buffer enable,0,rw
SCU_SFSP2_9,7,1,ZIF,Input glitch filter,0,rw
SCU_SFSP2_10,0,3,MODE,Select pin function,0,rw
SCU_SFSP2_10,3,1,EPD,Enable pull-down resistor at pad,0,rw
SCU_SFSP2_10,4,1,EPUN,Disable pull-up resistor at pad,0,rw
SCU_SFSP2_10,5,1,EHS,Select Slew rate,0,rw
SCU_SFSP2_10,6,1,EZI,Input buffer enable,0,rw
SCU_SFSP2_10,7,1,ZIF,Input glitch filter,0,rw
SCU_SFSP2_11,0,3,MODE,Select pin function,0,rw
SCU_SFSP2_11,3,1,EPD,Enable pull-down resistor at pad,0,rw
SCU_SFSP2_11,4,1,EPUN,Disable pull-up resistor at pad,0,rw
SCU_SFSP2_11,5,1,EHS,Select Slew rate,0,rw
SCU_SFSP2_11,6,1,EZI,Input buffer enable,0,rw
SCU_SFSP2_11,7,1,ZIF,Input glitch filter,0,rw
SCU_SFSP2_12,0,3,MODE,Select pin function,0,rw
SCU_SFSP2_12,3,1,EPD,Enable pull-down resistor at pad,0,rw
SCU_SFSP2_12,4,1,EPUN,Disable pull-up resistor at pad,0,rw
SCU_SFSP2_12,5,1,EHS,Select Slew rate,0,rw
SCU_SFSP2_12,6,1,EZI,Input buffer enable,0,rw
SCU_SFSP2_12,7,1,ZIF,Input glitch filter,0,rw
SCU_SFSP2_13,0,3,MODE,Select pin function,0,rw
SCU_SFSP2_13,3,1,EPD,Enable pull-down resistor at pad,0,rw
SCU_SFSP2_13,4,1,EPUN,Disable pull-up resistor at pad,0,rw
SCU_SFSP2_13,5,1,EHS,Select Slew rate,0,rw
SCU_SFSP2_13,6,1,EZI,Input buffer enable,0,rw
SCU_SFSP2_13,7,1,ZIF,Input glitch filter,0,rw
SCU_SFSP3_0,0,3,MODE,Select pin function,0,rw
SCU_SFSP3_0,3,1,EPD,Enable pull-down resistor at pad,0,rw
SCU_SFSP3_0,4,1,EPUN,Disable pull-up resistor at pad,0,rw
SCU_SFSP3_0,5,1,EHS,Select Slew rate,0,rw
SCU_SFSP3_0,6,1,EZI,Input buffer enable,0,rw
SCU_SFSP3_0,7,1,ZIF,Input glitch filter,0,rw
SCU_SFSP3_1,0,3,MODE,Select pin function,0,rw
SCU_SFSP3_1,3,1,EPD,Enable pull-down resistor at pad,0,rw
SCU_SFSP3_1,4,1,EPUN,Disable pull-up resistor at pad,0,rw
SCU_SFSP3_1,5,1,EHS,Select Slew rate,0,rw
SCU_SFSP3_1,6,1,EZI,Input buffer enable,0,rw
SCU_SFSP3_1,7,1,ZIF,Input glitch filter,0,rw
SCU_SFSP3_2,0,3,MODE,Select pin function,0,rw
SCU_SFSP3_2,3,1,EPD,Enable pull-down resistor at pad,0,rw
SCU_SFSP3_2,4,1,EPUN,Disable pull-up resistor at pad,0,rw
SCU_SFSP3_2,5,1,EHS,Select Slew rate,0,rw
SCU_SFSP3_2,6,1,EZI,Input buffer enable,0,rw
SCU_SFSP3_2,7,1,ZIF,Input glitch filter,0,rw
SCU_SFSP3_4,0,3,MODE,Select pin function,0,rw
SCU_SFSP3_4,3,1,EPD,Enable pull-down resistor at pad,0,rw
SCU_SFSP3_4,4,1,EPUN,Disable pull-up resistor at pad,0,rw
SCU_SFSP3_4,5,1,EHS,Select Slew rate,0,rw
SCU_SFSP3_4,6,1,EZI,Input buffer enable,0,rw
SCU_SFSP3_4,7,1,ZIF,Input glitch filter,0,rw
SCU_SFSP3_5,0,3,MODE,Select pin function,0,rw
SCU_SFSP3_5,3,1,EPD,Enable pull-down resistor at pad,0,rw
SCU_SFSP3_5,4,1,EPUN,Disable pull-up resistor at pad,0,rw
SCU_SFSP3_5,5,1,EHS,Select Slew rate,0,rw
SCU_SFSP3_5,6,1,EZI,Input buffer enable,0,rw
SCU_SFSP3_5,7,1,ZIF,Input glitch filter,0,rw
SCU_SFSP3_6,0,3,MODE,Select pin function,0,rw
SCU_SFSP3_6,3,1,EPD,Enable pull-down resistor at pad,0,rw
SCU_SFSP3_6,4,1,EPUN,Disable pull-up resistor at pad,0,rw
SCU_SFSP3_6,5,1,EHS,Select Slew rate,0,rw
SCU_SFSP3_6,6,1,EZI,Input buffer enable,0,rw
SCU_SFSP3_6,7,1,ZIF,Input glitch filter,0,rw
SCU_SFSP3_7,0,3,MODE,Select pin function,0,rw
SCU_SFSP3_7,3,1,EPD,Enable pull-down resistor at pad,0,rw
SCU_SFSP3_7,4,1,EPUN,Disable pull-up resistor at pad,0,rw
SCU_SFSP3_7,5,1,EHS,Select Slew rate,0,rw
SCU_SFSP3_7,6,1,EZI,Input buffer enable,0,rw
SCU_SFSP3_7,7,1,ZIF,Input glitch filter,0,rw
SCU_SFSP3_8,0,3,MODE,Select pin function,0,rw
SCU_SFSP3_8,3,1,EPD,Enable pull-down resistor at pad,0,rw
SCU_SFSP3_8,4,1,EPUN,Disable pull-up resistor at pad,0,rw
SCU_SFSP3_8,5,1,EHS,Select Slew rate,0,rw
SCU_SFSP3_8,6,1,EZI,Input buffer enable,0,rw
SCU_SFSP3_8,7,1,ZIF,Input glitch filter,0,rw
SCU_SFSP4_0,0,3,MODE,Select pin function,0,rw
SCU_SFSP4_0,3,1,EPD,Enable pull-down resistor at pad,0,rw
SCU_SFSP4_0,4,1,EPUN,Disable pull-up resistor at pad,0,rw
SCU_SFSP4_0,5,1,EHS,Select Slew rate,0,rw
SCU_SFSP4_0,6,1,EZI,Input buffer enable,0,rw
SCU_SFSP4_0,7,1,ZIF,Input glitch filter,0,rw
SCU_SFSP4_1,0,3,MODE,Select pin function,0,rw
SCU_SFSP4_1,3,1,EPD,Enable pull-down resistor at pad,0,rw
SCU_SFSP4_1,4,1,EPUN,Disable pull-up resistor at pad,0,rw
SCU_SFSP4_1,5,1,EHS,Select Slew rate,0,rw
SCU_SFSP4_1,6,1,EZI,Input buffer enable,0,rw
SCU_SFSP4_1,7,1,ZIF,Input glitch filter,0,rw
SCU_SFSP4_2,0,3,MODE,Select pin function,0,rw
SCU_SFSP4_2,3,1,EPD,Enable pull-down resistor at pad,0,rw
SCU_SFSP4_2,4,1,EPUN,Disable pull-up resistor at pad,0,rw
SCU_SFSP4_2,5,1,EHS,Select Slew rate,0,rw
SCU_SFSP4_2,6,1,EZI,Input buffer enable,0,rw
SCU_SFSP4_2,7,1,ZIF,Input glitch filter,0,rw
SCU_SFSP4_3,0,3,MODE,Select pin function,0,rw
SCU_SFSP4_3,3,1,EPD,Enable pull-down resistor at pad,0,rw
SCU_SFSP4_3,4,1,EPUN,Disable pull-up resistor at pad,0,rw
SCU_SFSP4_3,5,1,EHS,Select Slew rate,0,rw
SCU_SFSP4_3,6,1,EZI,Input buffer enable,0,rw
SCU_SFSP4_3,7,1,ZIF,Input glitch filter,0,rw
SCU_SFSP4_4,0,3,MODE,Select pin function,0,rw
SCU_SFSP4_4,3,1,EPD,Enable pull-down resistor at pad,0,rw
SCU_SFSP4_4,4,1,EPUN,Disable pull-up resistor at pad,0,rw
SCU_SFSP4_4,5,1,EHS,Select Slew rate,0,rw
SCU_SFSP4_4,6,1,EZI,Input buffer enable,0,rw
SCU_SFSP4_4,7,1,ZIF,Input glitch filter,0,rw
SCU_SFSP4_5,0,3,MODE,Select pin function,0,rw
SCU_SFSP4_5,3,1,EPD,Enable pull-down resistor at pad,0,rw
SCU_SFSP4_5,4,1,EPUN,Disable pull-up resistor at pad,0,rw
SCU_SFSP4_5,5,1,EHS,Select Slew rate,0,rw
SCU_SFSP4_5,6,1,EZI,Input buffer enable,0,rw
SCU_SFSP4_5,7,1,ZIF,Input glitch filter,0,rw
SCU_SFSP4_6,0,3,MODE,Select pin function,0,rw
SCU_SFSP4_6,3,1,EPD,Enable pull-down resistor at pad,0,rw
SCU_SFSP4_6,4,1,EPUN,Disable pull-up resistor at pad,0,rw
SCU_SFSP4_6,5,1,EHS,Select Slew rate,0,rw
SCU_SFSP4_6,6,1,EZI,Input buffer enable,0,rw
SCU_SFSP4_6,7,1,ZIF,Input glitch filter,0,rw
SCU_SFSP4_7,0,3,MODE,Select pin function,0,rw
SCU_SFSP4_7,3,1,EPD,Enable pull-down resistor at pad,0,rw
SCU_SFSP4_7,4,1,EPUN,Disable pull-up resistor at pad,0,rw
SCU_SFSP4_7,5,1,EHS,Select Slew rate,0,rw
SCU_SFSP4_7,6,1,EZI,Input buffer enable,0,rw
SCU_SFSP4_7,7,1,ZIF,Input glitch filter,0,rw
SCU_SFSP4_8,0,3,MODE,Select pin function,0,rw
SCU_SFSP4_8,3,1,EPD,Enable pull-down resistor at pad,0,rw
SCU_SFSP4_8,4,1,EPUN,Disable pull-up resistor at pad,0,rw
SCU_SFSP4_8,5,1,EHS,Select Slew rate,0,rw
SCU_SFSP4_8,6,1,EZI,Input buffer enable,0,rw
SCU_SFSP4_8,7,1,ZIF,Input glitch filter,0,rw
SCU_SFSP4_9,0,3,MODE,Select pin function,0,rw
SCU_SFSP4_9,3,1,EPD,Enable pull-down resistor at pad,0,rw
SCU_SFSP4_9,4,1,EPUN,Disable pull-up resistor at pad,0,rw
SCU_SFSP4_9,5,1,EHS,Select Slew rate,0,rw
SCU_SFSP4_9,6,1,EZI,Input buffer enable,0,rw
SCU_SFSP4_9,7,1,ZIF,Input glitch filter,0,rw
SCU_SFSP4_10,0,3,MODE,Select pin function,0,rw
SCU_SFSP4_10,3,1,EPD,Enable pull-down resistor at pad,0,rw
SCU_SFSP4_10,4,1,EPUN,Disable pull-up resistor at pad,0,rw
SCU_SFSP4_10,5,1,EHS,Select Slew rate,0,rw
SCU_SFSP4_10,6,1,EZI,Input buffer enable,0,rw
SCU_SFSP4_10,7,1,ZIF,Input glitch filter,0,rw
SCU_SFSP5_0,0,3,MODE,Select pin function,0,rw
SCU_SFSP5_0,3,1,EPD,Enable pull-down resistor at pad,0,rw
SCU_SFSP5_0,4,1,EPUN,Disable pull-up resistor at pad,0,rw
SCU_SFSP5_0,5,1,EHS,Select Slew rate,0,rw
SCU_SFSP5_0,6,1,EZI,Input buffer enable,0,rw
SCU_SFSP5_0,7,1,ZIF,Input glitch filter,0,rw
SCU_SFSP5_1,0,3,MODE,Select pin function,0,rw
SCU_SFSP5_1,3,1,EPD,Enable pull-down resistor at pad,0,rw
SCU_SFSP5_1,4,1,EPUN,Disable pull-up resistor at pad,0,rw
SCU_SFSP5_1,5,1,EHS,Select Slew rate,0,rw
SCU_SFSP5_1,6,1,EZI,Input buffer enable,0,rw
SCU_SFSP5_1,7,1,ZIF,Input glitch filter,0,rw
SCU_SFSP5_2,0,3,MODE,Select pin function,0,rw
SCU_SFSP5_2,3,1,EPD,Enable pull-down resistor at pad,0,rw
SCU_SFSP5_2,4,1,EPUN,Disable pull-up resistor at pad,0,rw
SCU_SFSP5_2,5,1,EHS,Select Slew rate,0,rw
SCU_SFSP5_2,6,1,EZI,Input buffer enable,0,rw
SCU_SFSP5_2,7,1,ZIF,Input glitch filter,0,rw
SCU_SFSP5_3,0,3,MODE,Select pin function,0,rw
SCU_SFSP5_3,3,1,EPD,Enable pull-down resistor at pad,0,rw
SCU_SFSP5_3,4,1,EPUN,Disable pull-up resistor at pad,0,rw
SCU_SFSP5_3,5,1,EHS,Select Slew rate,0,rw
SCU_SFSP5_3,6,1,EZI,Input buffer enable,0,rw
SCU_SFSP5_3,7,1,ZIF,Input glitch filter,0,rw
SCU_SFSP5_4,0,3,MODE,Select pin function,0,rw
SCU_SFSP5_4,3,1,EPD,Enable pull-down resistor at pad,0,rw
SCU_SFSP5_4,4,1,EPUN,Disable pull-up resistor at pad,0,rw
SCU_SFSP5_4,5,1,EHS,Select Slew rate,0,rw
SCU_SFSP5_4,6,1,EZI,Input buffer enable,0,rw
SCU_SFSP5_4,7,1,ZIF,Input glitch filter,0,rw
SCU_SFSP5_5,0,3,MODE,Select pin function,0,rw
SCU_SFSP5_5,3,1,EPD,Enable pull-down resistor at pad,0,rw
SCU_SFSP5_5,4,1,EPUN,Disable pull-up resistor at pad,0,rw
SCU_SFSP5_5,5,1,EHS,Select Slew rate,0,rw
SCU_SFSP5_5,6,1,EZI,Input buffer enable,0,rw
SCU_SFSP5_5,7,1,ZIF,Input glitch filter,0,rw
SCU_SFSP5_6,0,3,MODE,Select pin function,0,rw
SCU_SFSP5_6,3,1,EPD,Enable pull-down resistor at pad,0,rw
SCU_SFSP5_6,4,1,EPUN,Disable pull-up resistor at pad,0,rw
SCU_SFSP5_6,5,1,EHS,Select Slew rate,0,rw
SCU_SFSP5_6,6,1,EZI,Input buffer enable,0,rw
SCU_SFSP5_6,7,1,ZIF,Input glitch filter,0,rw
SCU_SFSP5_7,0,3,MODE,Select pin function,0,rw
SCU_SFSP5_7,3,1,EPD,Enable pull-down resistor at pad,0,rw
SCU_SFSP5_7,4,1,EPUN,Disable pull-up resistor at pad,0,rw
SCU_SFSP5_7,5,1,EHS,Select Slew rate,0,rw
SCU_SFSP5_7,6,1,EZI,Input buffer enable,0,rw
SCU_SFSP5_7,7,1,ZIF,Input glitch filter,0,rw
SCU_SFSP6_0,0,3,MODE,Select pin function,0,rw
SCU_SFSP6_0,3,1,EPD,Enable pull-down resistor at pad,0,rw
SCU_SFSP6_0,4,1,EPUN,Disable pull-up resistor at pad,0,rw
SCU_SFSP6_0,5,1,EHS,Select Slew rate,0,rw
SCU_SFSP6_0,6,1,EZI,Input buffer enable,0,rw
SCU_SFSP6_0,7,1,ZIF,Input glitch filter,0,rw
SCU_SFSP6_1,0,3,MODE,Select pin function,0,rw
SCU_SFSP6_1,3,1,EPD,Enable pull-down resistor at pad,0,rw
SCU_SFSP6_1,4,1,EPUN,Disable pull-up resistor at pad,0,rw
SCU_SFSP6_1,5,1,EHS,Select Slew rate,0,rw
SCU_SFSP6_1,6,1,EZI,Input buffer enable,0,rw
SCU_SFSP6_1,7,1,ZIF,Input glitch filter,0,rw
SCU_SFSP6_2,0,3,MODE,Select pin function,0,rw
SCU_SFSP6_2,3,1,EPD,Enable pull-down resistor at pad,0,rw
SCU_SFSP6_2,4,1,EPUN,Disable pull-up resistor at pad,0,rw
SCU_SFSP6_2,5,1,EHS,Select Slew rate,0,rw
SCU_SFSP6_2,6,1,EZI,Input buffer enable,0,rw
SCU_SFSP6_2,7,1,ZIF,Input glitch filter,0,rw
SCU_SFSP6_3,0,3,MODE,Select pin function,0,rw
SCU_SFSP6_3,3,1,EPD,Enable pull-down resistor at pad,0,rw
SCU_SFSP6_3,4,1,EPUN,Disable pull-up resistor at pad,0,rw
SCU_SFSP6_3,5,1,EHS,Select Slew rate,0,rw
SCU_SFSP6_3,6,1,EZI,Input buffer enable,0,rw
SCU_SFSP6_3,7,1,ZIF,Input glitch filter,0,rw
SCU_SFSP6_4,0,3,MODE,Select pin function,0,rw
SCU_SFSP6_4,3,1,EPD,Enable pull-down resistor at pad,0,rw
SCU_SFSP6_4,4,1,EPUN,Disable pull-up resistor at pad,0,rw
SCU_SFSP6_4,5,1,EHS,Select Slew rate,0,rw
SCU_SFSP6_4,6,1,EZI,Input buffer enable,0,rw
SCU_SFSP6_4,7,1,ZIF,Input glitch filter,0,rw
SCU_SFSP6_5,0,3,MODE,Select pin function,0,rw
SCU_SFSP6_5,3,1,EPD,Enable pull-down resistor at pad,0,rw
SCU_SFSP6_5,4,1,EPUN,Disable pull-up resistor at pad,0,rw
SCU_SFSP6_5,5,1,EHS,Select Slew rate,0,rw
SCU_SFSP6_5,6,1,EZI,Input buffer enable,0,rw
SCU_SFSP6_5,7,1,ZIF,Input glitch filter,0,rw
SCU_SFSP6_6,0,3,MODE,Select pin function,0,rw
SCU_SFSP6_6,3,1,EPD,Enable pull-down resistor at pad,0,rw
SCU_SFSP6_6,4,1,EPUN,Disable pull-up resistor at pad,0,rw
SCU_SFSP6_6,5,1,EHS,Select Slew rate,0,rw
SCU_SFSP6_6,6,1,EZI,Input buffer enable,0,rw
SCU_SFSP6_6,7,1,ZIF,Input glitch filter,0,rw
SCU_SFSP6_7,0,3,MODE,Select pin function,0,rw
SCU_SFSP6_7,3,1,EPD,Enable pull-down resistor at pad,0,rw
SCU_SFSP6_7,4,1,EPUN,Disable pull-up resistor at pad,0,rw
SCU_SFSP6_7,5,1,EHS,Select Slew rate,0,rw
SCU_SFSP6_7,6,1,EZI,Input buffer enable,0,rw
SCU_SFSP6_7,7,1,ZIF,Input glitch filter,0,rw
SCU_SFSP6_8,0,3,MODE,Select pin function,0,rw
SCU_SFSP6_8,3,1,EPD,Enable pull-down resistor at pad,0,rw
SCU_SFSP6_8,4,1,EPUN,Disable pull-up resistor at pad,0,rw
SCU_SFSP6_8,5,1,EHS,Select Slew rate,0,rw
SCU_SFSP6_8,6,1,EZI,Input buffer enable,0,rw
SCU_SFSP6_8,7,1,ZIF,Input glitch filter,0,rw
SCU_SFSP6_9,0,3,MODE,Select pin function,0,rw
SCU_SFSP6_9,3,1,EPD,Enable pull-down resistor at pad,0,rw
SCU_SFSP6_9,4,1,EPUN,Disable pull-up resistor at pad,0,rw
SCU_SFSP6_9,5,1,EHS,Select Slew rate,0,rw
SCU_SFSP6_9,6,1,EZI,Input buffer enable,0,rw
SCU_SFSP6_9,7,1,ZIF,Input glitch filter,0,rw
SCU_SFSP6_10,0,3,MODE,Select pin function,0,rw
SCU_SFSP6_10,3,1,EPD,Enable pull-down resistor at pad,0,rw
SCU_SFSP6_10,4,1,EPUN,Disable pull-up resistor at pad,0,rw
SCU_SFSP6_10,5,1,EHS,Select Slew rate,0,rw
SCU_SFSP6_10,6,1,EZI,Input buffer enable,0,rw
SCU_SFSP6_10,7,1,ZIF,Input glitch filter,0,rw
SCU_SFSP6_11,0,3,MODE,Select pin function,0,rw
SCU_SFSP6_11,3,1,EPD,Enable pull-down resistor at pad,0,rw
SCU_SFSP6_11,4,1,EPUN,Disable pull-up resistor at pad,0,rw
SCU_SFSP6_11,5,1,EHS,Select Slew rate,0,rw
SCU_SFSP6_11,6,1,EZI,Input buffer enable,0,rw
SCU_SFSP6_11,7,1,ZIF,Input glitch filter,0,rw
SCU_SFSP6_12,0,3,MODE,Select pin function,0,rw
SCU_SFSP6_12,3,1,EPD,Enable pull-down resistor at pad,0,rw
SCU_SFSP6_12,4,1,EPUN,Disable pull-up resistor at pad,0,rw
SCU_SFSP6_12,5,1,EHS,Select Slew rate,0,rw
SCU_SFSP6_12,6,1,EZI,Input buffer enable,0,rw
SCU_SFSP6_12,7,1,ZIF,Input glitch filter,0,rw
SCU_SFSP7_0,0,3,MODE,Select pin function,0,rw
SCU_SFSP7_0,3,1,EPD,Enable pull-down resistor at pad,0,rw
SCU_SFSP7_0,4,1,EPUN,Disable pull-up resistor at pad,0,rw
SCU_SFSP7_0,5,1,EHS,Select Slew rate,0,rw
SCU_SFSP7_0,6,1,EZI,Input buffer enable,0,rw
SCU_SFSP7_0,7,1,ZIF,Input glitch filter,0,rw
SCU_SFSP7_1,0,3,MODE,Select pin function,0,rw
SCU_SFSP7_1,3,1,EPD,Enable pull-down resistor at pad,0,rw
SCU_SFSP7_1,4,1,EPUN,Disable pull-up resistor at pad,0,rw
SCU_SFSP7_1,5,1,EHS,Select Slew rate,0,rw
SCU_SFSP7_1,6,1,EZI,Input buffer enable,0,rw
SCU_SFSP7_1,7,1,ZIF,Input glitch filter,0,rw
SCU_SFSP7_2,0,3,MODE,Select pin function,0,rw
SCU_SFSP7_2,3,1,EPD,Enable pull-down resistor at pad,0,rw
SCU_SFSP7_2,4,1,EPUN,Disable pull-up resistor at pad,0,rw
SCU_SFSP7_2,5,1,EHS,Select Slew rate,0,rw
SCU_SFSP7_2,6,1,EZI,Input buffer enable,0,rw
SCU_SFSP7_2,7,1,ZIF,Input glitch filter,0,rw
SCU_SFSP7_3,0,3,MODE,Select pin function,0,rw
SCU_SFSP7_3,3,1,EPD,Enable pull-down resistor at pad,0,rw
SCU_SFSP7_3,4,1,EPUN,Disable pull-up resistor at pad,0,rw
SCU_SFSP7_3,5,1,EHS,Select Slew rate,0,rw
SCU_SFSP7_3,6,1,EZI,Input buffer enable,0,rw
SCU_SFSP7_3,7,1,ZIF,Input glitch filter,0,rw
SCU_SFSP7_4,0,3,MODE,Select pin function,0,rw
SCU_SFSP7_4,3,1,EPD,Enable pull-down resistor at pad,0,rw
SCU_SFSP7_4,4,1,EPUN,Disable pull-up resistor at pad,0,rw
SCU_SFSP7_4,5,1,EHS,Select Slew rate,0,rw
SCU_SFSP7_4,6,1,EZI,Input buffer enable,0,rw
SCU_SFSP7_4,7,1,ZIF,Input glitch filter,0,rw
SCU_SFSP7_5,0,3,MODE,Select pin function,0,rw
SCU_SFSP7_5,3,1,EPD,Enable pull-down resistor at pad,0,rw
SCU_SFSP7_5,4,1,EPUN,Disable pull-up resistor at pad,0,rw
SCU_SFSP7_5,5,1,EHS,Select Slew rate,0,rw
SCU_SFSP7_5,6,1,EZI,Input buffer enable,0,rw
SCU_SFSP7_5,7,1,ZIF,Input glitch filter,0,rw
SCU_SFSP7_6,0,3,MODE,Select pin function,0,rw
SCU_SFSP7_6,3,1,EPD,Enable pull-down resistor at pad,0,rw
SCU_SFSP7_6,4,1,EPUN,Disable pull-up resistor at pad,0,rw
SCU_SFSP7_6,5,1,EHS,Select Slew rate,0,rw
SCU_SFSP7_6,6,1,EZI,Input buffer enable,0,rw
SCU_SFSP7_6,7,1,ZIF,Input glitch filter,0,rw
SCU_SFSP7_7,0,3,MODE,Select pin function,0,rw
SCU_SFSP7_7,3,1,EPD,Enable pull-down resistor at pad,0,rw
SCU_SFSP7_7,4,1,EPUN,Disable pull-up resistor at pad,0,rw
SCU_SFSP7_7,5,1,EHS,Select Slew rate,0,rw
SCU_SFSP7_7,6,1,EZI,Input buffer enable,0,rw
SCU_SFSP7_7,7,1,ZIF,Input glitch filter,0,rw
SCU_SFSP8_3,0,3,MODE,Select pin function,0,rw
SCU_SFSP8_3,3,1,EPD,Enable pull-down resistor at pad,0,rw
SCU_SFSP8_3,4,1,EPUN,Disable pull-up resistor at pad,0,rw
SCU_SFSP8_3,5,1,EHS,Select Slew rate,0,rw
SCU_SFSP8_3,6,1,EZI,Input buffer enable,0,rw
SCU_SFSP8_3,7,1,ZIF,Input glitch filter,0,rw
SCU_SFSP8_4,0,3,MODE,Select pin function,0,rw
SCU_SFSP8_4,3,1,EPD,Enable pull-down resistor at pad,0,rw
SCU_SFSP8_4,4,1,EPUN,Disable pull-up resistor at pad,0,rw
SCU_SFSP8_4,5,1,EHS,Select Slew rate,0,rw
SCU_SFSP8_4,6,1,EZI,Input buffer enable,0,rw
SCU_SFSP8_4,7,1,ZIF,Input glitch filter,0,rw
SCU_SFSP8_5,0,3,MODE,Select pin function,0,rw
SCU_SFSP8_5,3,1,EPD,Enable pull-down resistor at pad,0,rw
SCU_SFSP8_5,4,1,EPUN,Disable pull-up resistor at pad,0,rw
SCU_SFSP8_5,5,1,EHS,Select Slew rate,0,rw
SCU_SFSP8_5,6,1,EZI,Input buffer enable,0,rw
SCU_SFSP8_5,7,1,ZIF,Input glitch filter,0,rw
SCU_SFSP8_6,0,3,MODE,Select pin function,0,rw
SCU_SFSP8_6,3,1,EPD,Enable pull-down resistor at pad,0,rw
SCU_SFSP8_6,4,1,EPUN,Disable pull-up resistor at pad,0,rw
SCU_SFSP8_6,5,1,EHS,Select Slew rate,0,rw
SCU_SFSP8_6,6,1,EZI,Input buffer enable,0,rw
SCU_SFSP8_6,7,1,ZIF,Input glitch filter,0,rw
SCU_SFSP8_7,0,3,MODE,Select pin function,0,rw
SCU_SFSP8_7,3,1,EPD,Enable pull-down resistor at pad,0,rw
SCU_SFSP8_7,4,1,EPUN,Disable pull-up resistor at pad,0,rw
SCU_SFSP8_7,5,1,EHS,Select Slew rate,0,rw
SCU_SFSP8_7,6,1,EZI,Input buffer enable,0,rw
SCU_SFSP8_7,7,1,ZIF,Input glitch filter,0,rw
SCU_SFSP8_8,0,3,MODE,Select pin function,0,rw
SCU_SFSP8_8,3,1,EPD,Enable pull-down resistor at pad,0,rw
SCU_SFSP8_8,4,1,EPUN,Disable pull-up resistor at pad,0,rw
SCU_SFSP8_8,5,1,EHS,Select Slew rate,0,rw
SCU_SFSP8_8,6,1,EZI,Input buffer enable,0,rw
SCU_SFSP8_8,7,1,ZIF,Input glitch filter,0,rw
SCU_SFSP9_0,0,3,MODE,Select pin function,0,rw
SCU_SFSP9_0,3,1,EPD,Enable pull-down resistor at pad,0,rw
SCU_SFSP9_0,4,1,EPUN,Disable pull-up resistor at pad,0,rw
SCU_SFSP9_0,5,1,EHS,Select Slew rate,0,rw
SCU_SFSP9_0,6,1,EZI,Input buffer enable,0,rw
SCU_SFSP9_0,7,1,ZIF,Input glitch filter,0,rw
SCU_SFSP9_1,0,3,MODE,Select pin function,0,rw
SCU_SFSP9_1,3,1,EPD,Enable pull-down resistor at pad,0,rw
SCU_SFSP9_1,4,1,EPUN,Disable pull-up resistor at pad,0,rw
SCU_SFSP9_1,5,1,EHS,Select Slew rate,0,rw
SCU_SFSP9_1,6,1,EZI,Input buffer enable,0,rw
SCU_SFSP9_1,7,1,ZIF,Input glitch filter,0,rw
SCU_SFSP9_2,0,3,MODE,Select pin function,0,rw
SCU_SFSP9_2,3,1,EPD,Enable pull-down resistor at pad,0,rw
SCU_SFSP9_2,4,1,EPUN,Disable pull-up resistor at pad,0,rw
SCU_SFSP9_2,5,1,EHS,Select Slew rate,0,rw
SCU_SFSP9_2,6,1,EZI,Input buffer enable,0,rw
SCU_SFSP9_2,7,1,ZIF,Input glitch filter,0,rw
SCU_SFSP9_3,0,3,MODE,Select pin function,0,rw
SCU_SFSP9_3,3,1,EPD,Enable pull-down resistor at pad,0,rw
SCU_SFSP9_3,4,1,EPUN,Disable pull-up resistor at pad,0,rw
SCU_SFSP9_3,5,1,EHS,Select Slew rate,0,rw
SCU_SFSP9_3,6,1,EZI,Input buffer enable,0,rw
SCU_SFSP9_3,7,1,ZIF,Input glitch filter,0,rw
SCU_SFSP9_4,0,3,MODE,Select pin function,0,rw
SCU_SFSP9_4,3,1,EPD,Enable pull-down resistor at pad,0,rw
SCU_SFSP9_4,4,1,EPUN,Disable pull-up resistor at pad,0,rw
SCU_SFSP9_4,5,1,EHS,Select Slew rate,0,rw
SCU_SFSP9_4,6,1,EZI,Input buffer enable,0,rw
SCU_SFSP9_4,7,1,ZIF,Input glitch filter,0,rw
SCU_SFSP9_5,0,3,MODE,Select pin function,0,rw
SCU_SFSP9_5,3,1,EPD,Enable pull-down resistor at pad,0,rw
SCU_SFSP9_5,4,1,EPUN,Disable pull-up resistor at pad,0,rw
SCU_SFSP9_5,5,1,EHS,Select Slew rate,0,rw
SCU_SFSP9_5,6,1,EZI,Input buffer enable,0,rw
SCU_SFSP9_5,7,1,ZIF,Input glitch filter,0,rw
SCU_SFSP9_6,0,3,MODE,Select pin function,0,rw
SCU_SFSP9_6,3,1,EPD,Enable pull-down resistor at pad,0,rw
SCU_SFSP9_6,4,1,EPUN,Disable pull-up resistor at pad,0,rw
SCU_SFSP9_6,5,1,EHS,Select Slew rate,0,rw
SCU_SFSP9_6,6,1,EZI,Input buffer enable,0,rw
SCU_SFSP9_6,7,1,ZIF,Input glitch filter,0,rw
SCU_SFSPA_0,0,3,MODE,Select pin function,0,rw
SCU_SFSPA_0,3,1,EPD,Enable pull-down resistor at pad,0,rw
SCU_SFSPA_0,4,1,EPUN,Disable pull-up resistor at pad,0,rw
SCU_SFSPA_0,5,1,EHS,Select Slew rate,0,rw
SCU_SFSPA_0,6,1,EZI,Input buffer enable,0,rw
SCU_SFSPA_0,7,1,ZIF,Input glitch filter,0,rw
SCU_SFSPA_4,0,3,MODE,Select pin function,0,rw
SCU_SFSPA_4,3,1,EPD,Enable pull-down resistor at pad,0,rw
SCU_SFSPA_4,4,1,EPUN,Disable pull-up resistor at pad,0,rw
SCU_SFSPA_4,5,1,EHS,Select Slew rate,0,rw
SCU_SFSPA_4,6,1,EZI,Input buffer enable,0,rw
SCU_SFSPA_4,7,1,ZIF,Input glitch filter,0,rw
SCU_SFSPB_0,0,3,MODE,Select pin function,0,rw
SCU_SFSPB_0,3,1,EPD,Enable pull-down resistor at pad,0,rw
SCU_SFSPB_0,4,1,EPUN,Disable pull-up resistor at pad,0,rw
SCU_SFSPB_0,5,1,EHS,Select Slew rate,0,rw
SCU_SFSPB_0,6,1,EZI,Input buffer enable,0,rw
SCU_SFSPB_0,7,1,ZIF,Input glitch filter,0,rw
SCU_SFSPB_1,0,3,MODE,Select pin function,0,rw
SCU_SFSPB_1,3,1,EPD,Enable pull-down resistor at pad,0,rw
SCU_SFSPB_1,4,1,EPUN,Disable pull-up resistor at pad,0,rw
SCU_SFSPB_1,5,1,EHS,Select Slew rate,0,rw
SCU_SFSPB_1,6,1,EZI,Input buffer enable,0,rw
SCU_SFSPB_1,7,1,ZIF,Input glitch filter,0,rw
SCU_SFSPB_2,0,3,MODE,Select pin function,0,rw
SCU_SFSPB_2,3,1,EPD,Enable pull-down resistor at pad,0,rw
SCU_SFSPB_2,4,1,EPUN,Disable pull-up resistor at pad,0,rw
SCU_SFSPB_2,5,1,EHS,Select Slew rate,0,rw
SCU_SFSPB_2,6,1,EZI,Input buffer enable,0,rw
SCU_SFSPB_2,7,1,ZIF,Input glitch filter,0,rw
SCU_SFSPB_3,0,3,MODE,Select pin function,0,rw
SCU_SFSPB_3,3,1,EPD,Enable pull-down resistor at pad,0,rw
SCU_SFSPB_3,4,1,EPUN,Disable pull-up resistor at pad,0,rw
SCU_SFSPB_3,5,1,EHS,Select Slew rate,0,rw
SCU_SFSPB_3,6,1,EZI,Input buffer enable,0,rw
SCU_SFSPB_3,7,1,ZIF,Input glitch filter,0,rw
SCU_SFSPB_4,0,3,MODE,Select pin function,0,rw
SCU_SFSPB_4,3,1,EPD,Enable pull-down resistor at pad,0,rw
SCU_SFSPB_4,4,1,EPUN,Disable pull-up resistor at pad,0,rw
SCU_SFSPB_4,5,1,EHS,Select Slew rate,0,rw
SCU_SFSPB_4,6,1,EZI,Input buffer enable,0,rw
SCU_SFSPB_4,7,1,ZIF,Input glitch filter,0,rw
SCU_SFSPB_5,0,3,MODE,Select pin function,0,rw
SCU_SFSPB_5,3,1,EPD,Enable pull-down resistor at pad,0,rw
SCU_SFSPB_5,4,1,EPUN,Disable pull-up resistor at pad,0,rw
SCU_SFSPB_5,5,1,EHS,Select Slew rate,0,rw
SCU_SFSPB_5,6,1,EZI,Input buffer enable,0,rw
SCU_SFSPB_5,7,1,ZIF,Input glitch filter,0,rw
SCU_SFSPB_6,0,3,MODE,Select pin function,0,rw
SCU_SFSPB_6,3,1,EPD,Enable pull-down resistor at pad,0,rw
SCU_SFSPB_6,4,1,EPUN,Disable pull-up resistor at pad,0,rw
SCU_SFSPB_6,5,1,EHS,Select Slew rate,0,rw
SCU_SFSPB_6,6,1,EZI,Input buffer enable,0,rw
SCU_SFSPB_6,7,1,ZIF,Input glitch filter,0,rw
SCU_SFSPC_0,0,3,MODE,Select pin function,0,rw
SCU_SFSPC_0,3,1,EPD,Enable pull-down resistor at pad,0,rw
SCU_SFSPC_0,4,1,EPUN,Disable pull-up resistor at pad,0,rw
SCU_SFSPC_0,5,1,EHS,Select Slew rate,0,rw
SCU_SFSPC_0,6,1,EZI,Input buffer enable,0,rw
SCU_SFSPC_0,7,1,ZIF,Input glitch filter,0,rw
SCU_SFSPC_1,0,3,MODE,Select pin function,0,rw
SCU_SFSPC_1,3,1,EPD,Enable pull-down resistor at pad,0,rw
SCU_SFSPC_1,4,1,EPUN,Disable pull-up resistor at pad,0,rw
SCU_SFSPC_1,5,1,EHS,Select Slew rate,0,rw
SCU_SFSPC_1,6,1,EZI,Input buffer enable,0,rw
SCU_SFSPC_1,7,1,ZIF,Input glitch filter,0,rw
SCU_SFSPC_2,0,3,MODE,Select pin function,0,rw
SCU_SFSPC_2,3,1,EPD,Enable pull-down resistor at pad,0,rw
SCU_SFSPC_2,4,1,EPUN,Disable pull-up resistor at pad,0,rw
SCU_SFSPC_2,5,1,EHS,Select Slew rate,0,rw
SCU_SFSPC_2,6,1,EZI,Input buffer enable,0,rw
SCU_SFSPC_2,7,1,ZIF,Input glitch filter,0,rw
SCU_SFSPC_3,0,3,MODE,Select pin function,0,rw
SCU_SFSPC_3,3,1,EPD,Enable pull-down resistor at pad,0,rw
SCU_SFSPC_3,4,1,EPUN,Disable pull-up resistor at pad,0,rw
SCU_SFSPC_3,5,1,EHS,Select Slew rate,0,rw
SCU_SFSPC_3,6,1,EZI,Input buffer enable,0,rw
SCU_SFSPC_3,7,1,ZIF,Input glitch filter,0,rw
SCU_SFSPC_4,0,3,MODE,Select pin function,0,rw
SCU_SFSPC_4,3,1,EPD,Enable pull-down resistor at pad,0,rw
SCU_SFSPC_4,4,1,EPUN,Disable pull-up resistor at pad,0,rw
SCU_SFSPC_4,5,1,EHS,Select Slew rate,0,rw
SCU_SFSPC_4,6,1,EZI,Input buffer enable,0,rw
SCU_SFSPC_4,7,1,ZIF,Input glitch filter,0,rw
SCU_SFSPC_5,0,3,MODE,Select pin function,0,rw
SCU_SFSPC_5,3,1,EPD,Enable pull-down resistor at pad,0,rw
SCU_SFSPC_5,4,1,EPUN,Disable pull-up resistor at pad,0,rw
SCU_SFSPC_5,5,1,EHS,Select Slew rate,0,rw
SCU_SFSPC_5,6,1,EZI,Input buffer enable,0,rw
SCU_SFSPC_5,7,1,ZIF,Input glitch filter,0,rw
SCU_SFSPC_6,0,3,MODE,Select pin function,0,rw
SCU_SFSPC_6,3,1,EPD,Enable pull-down resistor at pad,0,rw
SCU_SFSPC_6,4,1,EPUN,Disable pull-up resistor at pad,0,rw
SCU_SFSPC_6,5,1,EHS,Select Slew rate,0,rw
SCU_SFSPC_6,6,1,EZI,Input buffer enable,0,rw
SCU_SFSPC_6,7,1,ZIF,Input glitch filter,0,rw
SCU_SFSPC_7,0,3,MODE,Select pin function,0,rw
SCU_SFSPC_7,3,1,EPD,Enable pull-down resistor at pad,0,rw
SCU_SFSPC_7,4,1,EPUN,Disable pull-up resistor at pad,0,rw
SCU_SFSPC_7,5,1,EHS,Select Slew rate,0,rw
SCU_SFSPC_7,6,1,EZI,Input buffer enable,0,rw
SCU_SFSPC_7,7,1,ZIF,Input glitch filter,0,rw
SCU_SFSPC_8,0,3,MODE,Select pin function,0,rw
SCU_SFSPC_8,3,1,EPD,Enable pull-down resistor at pad,0,rw
SCU_SFSPC_8,4,1,EPUN,Disable pull-up resistor at pad,0,rw
SCU_SFSPC_8,5,1,EHS,Select Slew rate,0,rw
SCU_SFSPC_8,6,1,EZI,Input buffer enable,0,rw
SCU_SFSPC_8,7,1,ZIF,Input glitch filter,0,rw
SCU_SFSPC_9,0,3,MODE,Select pin function,0,rw
SCU_SFSPC_9,3,1,EPD,Enable pull-down resistor at pad,0,rw
SCU_SFSPC_9,4,1,EPUN,Disable pull-up resistor at pad,0,rw
SCU_SFSPC_9,5,1,EHS,Select Slew rate,0,rw
SCU_SFSPC_9,6,1,EZI,Input buffer enable,0,rw
SCU_SFSPC_9,7,1,ZIF,Input glitch filter,0,rw
SCU_SFSPC_10,0,3,MODE,Select pin function,0,rw
SCU_SFSPC_10,3,1,EPD,Enable pull-down resistor at pad,0,rw
SCU_SFSPC_10,4,1,EPUN,Disable pull-up resistor at pad,0,rw
SCU_SFSPC_10,5,1,EHS,Select Slew rate,0,rw
SCU_SFSPC_10,6,1,EZI,Input buffer enable,0,rw
SCU_SFSPC_10,7,1,ZIF,Input glitch filter,0,rw
SCU_SFSPC_11,0,3,MODE,Select pin function,0,rw
SCU_SFSPC_11,3,1,EPD,Enable pull-down resistor at pad,0,rw
SCU_SFSPC_11,4,1,EPUN,Disable pull-up resistor at pad,0,rw
SCU_SFSPC_11,5,1,EHS,Select Slew rate,0,rw
SCU_SFSPC_11,6,1,EZI,Input buffer enable,0,rw
SCU_SFSPC_11,7,1,ZIF,Input glitch filter,0,rw
SCU_SFSPC_12,0,3,MODE,Select pin function,0,rw
SCU_SFSPC_12,3,1,EPD,Enable pull-down resistor at pad,0,rw
SCU_SFSPC_12,4,1,EPUN,Disable pull-up resistor at pad,0,rw
SCU_SFSPC_12,5,1,EHS,Select Slew rate,0,rw
SCU_SFSPC_12,6,1,EZI,Input buffer enable,0,rw
SCU_SFSPC_12,7,1,ZIF,Input glitch filter,0,rw
SCU_SFSPC_13,0,3,MODE,Select pin function,0,rw
SCU_SFSPC_13,3,1,EPD,Enable pull-down resistor at pad,0,rw
SCU_SFSPC_13,4,1,EPUN,Disable pull-up resistor at pad,0,rw
SCU_SFSPC_13,5,1,EHS,Select Slew rate,0,rw
SCU_SFSPC_13,6,1,EZI,Input buffer enable,0,rw
SCU_SFSPC_13,7,1,ZIF,Input glitch filter,0,rw
SCU_SFSPC_14,0,3,MODE,Select pin function,0,rw
SCU_SFSPC_14,3,1,EPD,Enable pull-down resistor at pad,0,rw
SCU_SFSPC_14,4,1,EPUN,Disable pull-up resistor at pad,0,rw
SCU_SFSPC_14,5,1,EHS,Select Slew rate,0,rw
SCU_SFSPC_14,6,1,EZI,Input buffer enable,0,rw
SCU_SFSPC_14,7,1,ZIF,Input glitch filter,0,rw
SCU_SFSPD_0,0,3,MODE,Select pin function,0,rw
SCU_SFSPD_0,3,1,EPD,Enable pull-down resistor at pad,0,rw
SCU_SFSPD_0,4,1,EPUN,Disable pull-up resistor at pad,0,rw
SCU_SFSPD_0,5,1,EHS,Select Slew rate,0,rw
SCU_SFSPD_0,6,1,EZI,Input buffer enable,0,rw
SCU_SFSPD_0,7,1,ZIF,Input glitch filter,0,rw
SCU_SFSPD_1,0,3,MODE,Select pin function,0,rw
SCU_SFSPD_1,3,1,EPD,Enable pull-down resistor at pad,0,rw
SCU_SFSPD_1,4,1,EPUN,Disable pull-up resistor at pad,0,rw
SCU_SFSPD_1,5,1,EHS,Select Slew rate,0,rw
SCU_SFSPD_1,6,1,EZI,Input buffer enable,0,rw
SCU_SFSPD_1,7,1,ZIF,Input glitch filter,0,rw
SCU_SFSPD_2,0,3,MODE,Select pin function,0,rw
SCU_SFSPD_2,3,1,EPD,Enable pull-down resistor at pad,0,rw
SCU_SFSPD_2,4,1,EPUN,Disable pull-up resistor at pad,0,rw
SCU_SFSPD_2,5,1,EHS,Select Slew rate,0,rw
SCU_SFSPD_2,6,1,EZI,Input buffer enable,0,rw
SCU_SFSPD_2,7,1,ZIF,Input glitch filter,0,rw
SCU_SFSPD_3,0,3,MODE,Select pin function,0,rw
SCU_SFSPD_3,3,1,EPD,Enable pull-down resistor at pad,0,rw
SCU_SFSPD_3,4,1,EPUN,Disable pull-up resistor at pad,0,rw
SCU_SFSPD_3,5,1,EHS,Select Slew rate,0,rw
SCU_SFSPD_3,6,1,EZI,Input buffer enable,0,rw
SCU_SFSPD_3,7,1,ZIF,Input glitch filter,0,rw
SCU_SFSPD_4,0,3,MODE,Select pin function,0,rw
SCU_SFSPD_4,3,1,EPD,Enable pull-down resistor at pad,0,rw
SCU_SFSPD_4,4,1,EPUN,Disable pull-up resistor at pad,0,rw
SCU_SFSPD_4,5,1,EHS,Select Slew rate,0,rw
SCU_SFSPD_4,6,1,EZI,Input buffer enable,0,rw
SCU_SFSPD_4,7,1,ZIF,Input glitch filter,0,rw
SCU_SFSPD_5,0,3,MODE,Select pin function,0,rw
SCU_SFSPD_5,3,1,EPD,Enable pull-down resistor at pad,0,rw
SCU_SFSPD_5,4,1,EPUN,Disable pull-up resistor at pad,0,rw
SCU_SFSPD_5,5,1,EHS,Select Slew rate,0,rw
SCU_SFSPD_5,6,1,EZI,Input buffer enable,0,rw
SCU_SFSPD_5,7,1,ZIF,Input glitch filter,0,rw
SCU_SFSPD_6,0,3,MODE,Select pin function,0,rw
SCU_SFSPD_6,3,1,EPD,Enable pull-down resistor at pad,0,rw
SCU_SFSPD_6,4,1,EPUN,Disable pull-up resistor at pad,0,rw
SCU_SFSPD_6,5,1,EHS,Select Slew rate,0,rw
SCU_SFSPD_6,6,1,EZI,Input buffer enable,0,rw
SCU_SFSPD_6,7,1,ZIF,Input glitch filter,0,rw
SCU_SFSPD_7,0,3,MODE,Select pin function,0,rw
SCU_SFSPD_7,3,1,EPD,Enable pull-down resistor at pad,0,rw
SCU_SFSPD_7,4,1,EPUN,Disable pull-up resistor at pad,0,rw
SCU_SFSPD_7,5,1,EHS,Select Slew rate,0,rw
SCU_SFSPD_7,6,1,EZI,Input buffer enable,0,rw
SCU_SFSPD_7,7,1,ZIF,Input glitch filter,0,rw
SCU_SFSPD_8,0,3,MODE,Select pin function,0,rw
SCU_SFSPD_8,3,1,EPD,Enable pull-down resistor at pad,0,rw
SCU_SFSPD_8,4,1,EPUN,Disable pull-up resistor at pad,0,rw
SCU_SFSPD_8,5,1,EHS,Select Slew rate,0,rw
SCU_SFSPD_8,6,1,EZI,Input buffer enable,0,rw
SCU_SFSPD_8,7,1,ZIF,Input glitch filter,0,rw
SCU_SFSPD_9,0,3,MODE,Select pin function,0,rw
SCU_SFSPD_9,3,1,EPD,Enable pull-down resistor at pad,0,rw
SCU_SFSPD_9,4,1,EPUN,Disable pull-up resistor at pad,0,rw
SCU_SFSPD_9,5,1,EHS,Select Slew rate,0,rw
SCU_SFSPD_9,6,1,EZI,Input buffer enable,0,rw
SCU_SFSPD_9,7,1,ZIF,Input glitch filter,0,rw
SCU_SFSPD_10,0,3,MODE,Select pin function,0,rw
SCU_SFSPD_10,3,1,EPD,Enable pull-down resistor at pad,0,rw
SCU_SFSPD_10,4,1,EPUN,Disable pull-up resistor at pad,0,rw
SCU_SFSPD_10,5,1,EHS,Select Slew rate,0,rw
SCU_SFSPD_10,6,1,EZI,Input buffer enable,0,rw
SCU_SFSPD_10,7,1,ZIF,Input glitch filter,0,rw
SCU_SFSPD_11,0,3,MODE,Select pin function,0,rw
SCU_SFSPD_11,3,1,EPD,Enable pull-down resistor at pad,0,rw
SCU_SFSPD_11,4,1,EPUN,Disable pull-up resistor at pad,0,rw
SCU_SFSPD_11,5,1,EHS,Select Slew rate,0,rw
SCU_SFSPD_11,6,1,EZI,Input buffer enable,0,rw
SCU_SFSPD_11,7,1,ZIF,Input glitch filter,0,rw
SCU_SFSPD_12,0,3,MODE,Select pin function,0,rw
SCU_SFSPD_12,3,1,EPD,Enable pull-down resistor at pad,0,rw
SCU_SFSPD_12,4,1,EPUN,Disable pull-up resistor at pad,0,rw
SCU_SFSPD_12,5,1,EHS,Select Slew rate,0,rw
SCU_SFSPD_12,6,1,EZI,Input buffer enable,0,rw
SCU_SFSPD_12,7,1,ZIF,Input glitch filter,0,rw
SCU_SFSPD_13,0,3,MODE,Select pin function,0,rw
SCU_SFSPD_13,3,1,EPD,Enable pull-down resistor at pad,0,rw
SCU_SFSPD_13,4,1,EPUN,Disable pull-up resistor at pad,0,rw
SCU_SFSPD_13,5,1,EHS,Select Slew rate,0,rw
SCU_SFSPD_13,6,1,EZI,Input buffer enable,0,rw
SCU_SFSPD_13,7,1,ZIF,Input glitch filter,0,rw
SCU_SFSPD_14,0,3,MODE,Select pin function,0,rw
SCU_SFSPD_14,3,1,EPD,Enable pull-down resistor at pad,0,rw
SCU_SFSPD_14,4,1,EPUN,Disable pull-up resistor at pad,0,rw
SCU_SFSPD_14,5,1,EHS,Select Slew rate,0,rw
SCU_SFSPD_14,6,1,EZI,Input buffer enable,0,rw
SCU_SFSPD_14,7,1,ZIF,Input glitch filter,0,rw
SCU_SFSPD_15,0,3,MODE,Select pin function,0,rw
SCU_SFSPD_15,3,1,EPD,Enable pull-down resistor at pad,0,rw
SCU_SFSPD_15,4,1,EPUN,Disable pull-up resistor at pad,0,rw
SCU_SFSPD_15,5,1,EHS,Select Slew rate,0,rw
SCU_SFSPD_15,6,1,EZI,Input buffer enable,0,rw
SCU_SFSPD_15,7,1,ZIF,Input glitch filter,0,rw
SCU_SFSPD_16,0,3,MODE,Select pin function,0,rw
SCU_SFSPD_16,3,1,EPD,Enable pull-down resistor at pad,0,rw
SCU_SFSPD_16,4,1,EPUN,Disable pull-up resistor at pad,0,rw
SCU_SFSPD_16,5,1,EHS,Select Slew rate,0,rw
SCU_SFSPD_16,6,1,EZI,Input buffer enable,0,rw
SCU_SFSPD_16,7,1,ZIF,Input glitch filter,0,rw
SCU_SFSPE_0,0,3,MODE,Select pin function,0,rw
SCU_SFSPE_0,3,1,EPD,Enable pull-down resistor at pad,0,rw
SCU_SFSPE_0,4,1,EPUN,Disable pull-up resistor at pad,0,rw
SCU_SFSPE_0,5,1,EHS,Select Slew rate,0,rw
SCU_SFSPE_0,6,1,EZI,Input buffer enable,0,rw
SCU_SFSPE_0,7,1,ZIF,Input glitch filter,0,rw
SCU_SFSPE_1,0,3,MODE,Select pin function,0,rw
SCU_SFSPE_1,3,1,EPD,Enable pull-down resistor at pad,0,rw
SCU_SFSPE_1,4,1,EPUN,Disable pull-up resistor at pad,0,rw
SCU_SFSPE_1,5,1,EHS,Select Slew rate,0,rw
SCU_SFSPE_1,6,1,EZI,Input buffer enable,0,rw
SCU_SFSPE_1,7,1,ZIF,Input glitch filter,0,rw
SCU_SFSPE_2,0,3,MODE,Select pin function,0,rw
SCU_SFSPE_2,3,1,EPD,Enable pull-down resistor at pad,0,rw
SCU_SFSPE_2,4,1,EPUN,Disable pull-up resistor at pad,0,rw
SCU_SFSPE_2,5,1,EHS,Select Slew rate,0,rw
SCU_SFSPE_2,6,1,EZI,Input buffer enable,0,rw
SCU_SFSPE_2,7,1,ZIF,Input glitch filter,0,rw
SCU_SFSPE_3,0,3,MODE,Select pin function,0,rw
SCU_SFSPE_3,3,1,EPD,Enable pull-down resistor at pad,0,rw
SCU_SFSPE_3,4,1,EPUN,Disable pull-up resistor at pad,0,rw
SCU_SFSPE_3,5,1,EHS,Select Slew rate,0,rw
SCU_SFSPE_3,6,1,EZI,Input buffer enable,0,rw
SCU_SFSPE_3,7,1,ZIF,Input glitch filter,0,rw
SCU_SFSPE_4,0,3,MODE,Select pin function,0,rw
SCU_SFSPE_4,3,1,EPD,Enable pull-down resistor at pad,0,rw
SCU_SFSPE_4,4,1,EPUN,Disable pull-up resistor at pad,0,rw
SCU_SFSPE_4,5,1,EHS,Select Slew rate,0,rw
SCU_SFSPE_4,6,1,EZI,Input buffer enable,0,rw
SCU_SFSPE_4,7,1,ZIF,Input glitch filter,0,rw
SCU_SFSPE_5,0,3,MODE,Select pin function,0,rw
SCU_SFSPE_5,3,1,EPD,Enable pull-down resistor at pad,0,rw
SCU_SFSPE_5,4,1,EPUN,Disable pull-up resistor at pad,0,rw
SCU_SFSPE_5,5,1,EHS,Select Slew rate,0,rw
SCU_SFSPE_5,6,1,EZI,Input buffer enable,0,rw
SCU_SFSPE_5,7,1,ZIF,Input glitch filter,0,rw
SCU_SFSPE_6,0,3,MODE,Select pin function,0,rw
SCU_SFSPE_6,3,1,EPD,Enable pull-down resistor at pad,0,rw
SCU_SFSPE_6,4,1,EPUN,Disable pull-up resistor at pad,0,rw
SCU_SFSPE_6,5,1,EHS,Select Slew rate,0,rw
SCU_SFSPE_6,6,1,EZI,Input buffer enable,0,rw
SCU_SFSPE_6,7,1,ZIF,Input glitch filter,0,rw
SCU_SFSPE_7,0,3,MODE,Select pin function,0,rw
SCU_SFSPE_7,3,1,EPD,Enable pull-down resistor at pad,0,rw
SCU_SFSPE_7,4,1,EPUN,Disable pull-up resistor at pad,0,rw
SCU_SFSPE_7,5,1,EHS,Select Slew rate,0,rw
SCU_SFSPE_7,6,1,EZI,Input buffer enable,0,rw
SCU_SFSPE_7,7,1,ZIF,Input glitch filter,0,rw
SCU_SFSPE_8,0,3,MODE,Select pin function,0,rw
SCU_SFSPE_8,3,1,EPD,Enable pull-down resistor at pad,0,rw
SCU_SFSPE_8,4,1,EPUN,Disable pull-up resistor at pad,0,rw
SCU_SFSPE_8,5,1,EHS,Select Slew rate,0,rw
SCU_SFSPE_8,6,1,EZI,Input buffer enable,0,rw
SCU_SFSPE_8,7,1,ZIF,Input glitch filter,0,rw
SCU_SFSPE_9,0,3,MODE,Select pin function,0,rw
SCU_SFSPE_9,3,1,EPD,Enable pull-down resistor at pad,0,rw
SCU_SFSPE_9,4,1,EPUN,Disable pull-up resistor at pad,0,rw
SCU_SFSPE_9,5,1,EHS,Select Slew rate,0,rw
SCU_SFSPE_9,6,1,EZI,Input buffer enable,0,rw
SCU_SFSPE_9,7,1,ZIF,Input glitch filter,0,rw
SCU_SFSPE_10,0,3,MODE,Select pin function,0,rw
SCU_SFSPE_10,3,1,EPD,Enable pull-down resistor at pad,0,rw
SCU_SFSPE_10,4,1,EPUN,Disable pull-up resistor at pad,0,rw
SCU_SFSPE_10,5,1,EHS,Select Slew rate,0,rw
SCU_SFSPE_10,6,1,EZI,Input buffer enable,0,rw
SCU_SFSPE_10,7,1,ZIF,Input glitch filter,0,rw
SCU_SFSPE_11,0,3,MODE,Select pin function,0,rw
SCU_SFSPE_11,3,1,EPD,Enable pull-down resistor at pad,0,rw
SCU_SFSPE_11,4,1,EPUN,Disable pull-up resistor at pad,0,rw
SCU_SFSPE_11,5,1,EHS,Select Slew rate,0,rw
SCU_SFSPE_11,6,1,EZI,Input buffer enable,0,rw
SCU_SFSPE_11,7,1,ZIF,Input glitch filter,0,rw
SCU_SFSPE_12,0,3,MODE,Select pin function,0,rw
SCU_SFSPE_12,3,1,EPD,Enable pull-down resistor at pad,0,rw
SCU_SFSPE_12,4,1,EPUN,Disable pull-up resistor at pad,0,rw
SCU_SFSPE_12,5,1,EHS,Select Slew rate,0,rw
SCU_SFSPE_12,6,1,EZI,Input buffer enable,0,rw
SCU_SFSPE_12,7,1,ZIF,Input glitch filter,0,rw
SCU_SFSPE_13,0,3,MODE,Select pin function,0,rw
SCU_SFSPE_13,3,1,EPD,Enable pull-down resistor at pad,0,rw
SCU_SFSPE_13,4,1,EPUN,Disable pull-up resistor at pad,0,rw
SCU_SFSPE_13,5,1,EHS,Select Slew rate,0,rw
SCU_SFSPE_13,6,1,EZI,Input buffer enable,0,rw
SCU_SFSPE_13,7,1,ZIF,Input glitch filter,0,rw
SCU_SFSPE_14,0,3,MODE,Select pin function,0,rw
SCU_SFSPE_14,3,1,EPD,Enable pull-down resistor at pad,0,rw
SCU_SFSPE_14,4,1,EPUN,Disable pull-up resistor at pad,0,rw
SCU_SFSPE_14,5,1,EHS,Select Slew rate,0,rw
SCU_SFSPE_14,6,1,EZI,Input buffer enable,0,rw
SCU_SFSPE_14,7,1,ZIF,Input glitch filter,0,rw
SCU_SFSPE_15,0,3,MODE,Select pin function,0,rw
SCU_SFSPE_15,3,1,EPD,Enable pull-down resistor at pad,0,rw
SCU_SFSPE_15,4,1,EPUN,Disable pull-up resistor at pad,0,rw
SCU_SFSPE_15,5,1,EHS,Select Slew rate,0,rw
SCU_SFSPE_15,6,1,EZI,Input buffer enable,0,rw
SCU_SFSPE_15,7,1,ZIF,Input glitch filter,0,rw
SCU_SFSPF_0,0,3,MODE,Select pin function,0,rw
SCU_SFSPF_0,3,1,EPD,Enable pull-down resistor at pad,0,rw
SCU_SFSPF_0,4,1,EPUN,Disable pull-up resistor at pad,0,rw
SCU_SFSPF_0,5,1,EHS,Select Slew rate,0,rw
SCU_SFSPF_0,6,1,EZI,Input buffer enable,0,rw
SCU_SFSPF_0,7,1,ZIF,Input glitch filter,0,rw
SCU_SFSPF_1,0,3,MODE,Select pin function,0,rw
SCU_SFSPF_1,3,1,EPD,Enable pull-down resistor at pad,0,rw
SCU_SFSPF_1,4,1,EPUN,Disable pull-up resistor at pad,0,rw
SCU_SFSPF_1,5,1,EHS,Select Slew rate,0,rw
SCU_SFSPF_1,6,1,EZI,Input buffer enable,0,rw
SCU_SFSPF_1,7,1,ZIF,Input glitch filter,0,rw
SCU_SFSPF_2,0,3,MODE,Select pin function,0,rw
SCU_SFSPF_2,3,1,EPD,Enable pull-down resistor at pad,0,rw
SCU_SFSPF_2,4,1,EPUN,Disable pull-up resistor at pad,0,rw
SCU_SFSPF_2,5,1,EHS,Select Slew rate,0,rw
SCU_SFSPF_2,6,1,EZI,Input buffer enable,0,rw
SCU_SFSPF_2,7,1,ZIF,Input glitch filter,0,rw
SCU_SFSPF_3,0,3,MODE,Select pin function,0,rw
SCU_SFSPF_3,3,1,EPD,Enable pull-down resistor at pad,0,rw
SCU_SFSPF_3,4,1,EPUN,Disable pull-up resistor at pad,0,rw
SCU_SFSPF_3,5,1,EHS,Select Slew rate,0,rw
SCU_SFSPF_3,6,1,EZI,Input buffer enable,0,rw
SCU_SFSPF_3,7,1,ZIF,Input glitch filter,0,rw
SCU_SFSPF_4,0,3,MODE,Select pin function,0,rw
SCU_SFSPF_4,3,1,EPD,Enable pull-down resistor at pad,0,rw
SCU_SFSPF_4,4,1,EPUN,Disable pull-up resistor at pad,0,rw
SCU_SFSPF_4,5,1,EHS,Select Slew rate,0,rw
SCU_SFSPF_4,6,1,EZI,Input buffer enable,0,rw
SCU_SFSPF_4,7,1,ZIF,Input glitch filter,0,rw
SCU_SFSPF_5,0,3,MODE,Select pin function,0,rw
SCU_SFSPF_5,3,1,EPD,Enable pull-down resistor at pad,0,rw
SCU_SFSPF_5,4,1,EPUN,Disable pull-up resistor at pad,0,rw
SCU_SFSPF_5,5,1,EHS,Select Slew rate,0,rw
SCU_SFSPF_5,6,1,EZI,Input buffer enable,0,rw
SCU_SFSPF_5,7,1,ZIF,Input glitch filter,0,rw
SCU_SFSPF_6,0,3,MODE,Select pin function,0,rw
SCU_SFSPF_6,3,1,EPD,Enable pull-down resistor at pad,0,rw
SCU_SFSPF_6,4,1,EPUN,Disable pull-up resistor at pad,0,rw
SCU_SFSPF_6,5,1,EHS,Select Slew rate,0,rw
SCU_SFSPF_6,6,1,EZI,Input buffer enable,0,rw
SCU_SFSPF_6,7,1,ZIF,Input glitch filter,0,rw
SCU_SFSPF_7,0,3,MODE,Select pin function,0,rw
SCU_SFSPF_7,3,1,EPD,Enable pull-down resistor at pad,0,rw
SCU_SFSPF_7,4,1,EPUN,Disable pull-up resistor at pad,0,rw
SCU_SFSPF_7,5,1,EHS,Select Slew rate,0,rw
SCU_SFSPF_7,6,1,EZI,Input buffer enable,0,rw
SCU_SFSPF_7,7,1,ZIF,Input glitch filter,0,rw
SCU_SFSPF_8,0,3,MODE,Select pin function,0,rw
SCU_SFSPF_8,3,1,EPD,Enable pull-down resistor at pad,0,rw
SCU_SFSPF_8,4,1,EPUN,Disable pull-up resistor at pad,0,rw
SCU_SFSPF_8,5,1,EHS,Select Slew rate,0,rw
SCU_SFSPF_8,6,1,EZI,Input buffer enable,0,rw
SCU_SFSPF_8,7,1,ZIF,Input glitch filter,0,rw
SCU_SFSPF_9,0,3,MODE,Select pin function,0,rw
SCU_SFSPF_9,3,1,EPD,Enable pull-down resistor at pad,0,rw
SCU_SFSPF_9,4,1,EPUN,Disable pull-up resistor at pad,0,rw
SCU_SFSPF_9,5,1,EHS,Select Slew rate,0,rw
SCU_SFSPF_9,6,1,EZI,Input buffer enable,0,rw
SCU_SFSPF_9,7,1,ZIF,Input glitch filter,0,rw
SCU_SFSPF_10,0,3,MODE,Select pin function,0,rw
SCU_SFSPF_10,3,1,EPD,Enable pull-down resistor at pad,0,rw
SCU_SFSPF_10,4,1,EPUN,Disable pull-up resistor at pad,0,rw
SCU_SFSPF_10,5,1,EHS,Select Slew rate,0,rw
SCU_SFSPF_10,6,1,EZI,Input buffer enable,0,rw
SCU_SFSPF_10,7,1,ZIF,Input glitch filter,0,rw
SCU_SFSPF_11,0,3,MODE,Select pin function,0,rw
SCU_SFSPF_11,3,1,EPD,Enable pull-down resistor at pad,0,rw
SCU_SFSPF_11,4,1,EPUN,Disable pull-up resistor at pad,0,rw
SCU_SFSPF_11,5,1,EHS,Select Slew rate,0,rw
SCU_SFSPF_11,6,1,EZI,Input buffer enable,0,rw
SCU_SFSPF_11,7,1,ZIF,Input glitch filter,0,rw
SCU_SFSP1_17,0,3,MODE,Select pin function,0,rw
SCU_SFSP1_17,3,1,EPD,Enable pull-down resistor at pad,0,rw
SCU_SFSP1_17,4,1,EPUN,Disable pull-up resistor at pad,0,rw
SCU_SFSP1_17,6,1,EZI,Input buffer enable,0,rw
SCU_SFSP1_17,7,1,ZIF,Input glitch filter,0,rw
SCU_SFSP1_17,8,2,EHD,Select drive strength,0,rw
SCU_SFSP2_3,0,3,MODE,Select pin function,0,rw
SCU_SFSP2_3,3,1,EPD,Enable pull-down resistor at pad,0,rw
SCU_SFSP2_3,4,1,EPUN,Disable pull-up resistor at pad,0,rw
SCU_SFSP2_3,6,1,EZI,Input buffer enable,0,rw
SCU_SFSP2_3,7,1,ZIF,Input glitch filter,0,rw
SCU_SFSP2_3,8,2,EHD,Select drive strength,0,rw
SCU_SFSP2_4,0,3,MODE,Select pin function,0,rw
SCU_SFSP2_4,3,1,EPD,Enable pull-down resistor at pad,0,rw
SCU_SFSP2_4,4,1,EPUN,Disable pull-up resistor at pad,0,rw
SCU_SFSP2_4,6,1,EZI,Input buffer enable,0,rw
SCU_SFSP2_4,7,1,ZIF,Input glitch filter,0,rw
SCU_SFSP2_4,8,2,EHD,Select drive strength,0,rw
SCU_SFSP2_5,0,3,MODE,Select pin function,0,rw
SCU_SFSP2_5,3,1,EPD,Enable pull-down resistor at pad,0,rw
SCU_SFSP2_5,4,1,EPUN,Disable pull-up resistor at pad,0,rw
SCU_SFSP2_5,6,1,EZI,Input buffer enable,0,rw
SCU_SFSP2_5,7,1,ZIF,Input glitch filter,0,rw
SCU_SFSP2_5,8,2,EHD,Select drive strength,0,rw
SCU_SFSP8_0,0,3,MODE,Select pin function,0,rw
SCU_SFSP8_0,3,1,EPD,Enable pull-down resistor at pad,0,rw
SCU_SFSP8_0,4,1,EPUN,Disable pull-up resistor at pad,0,rw
SCU_SFSP8_0,6,1,EZI,Input buffer enable,0,rw
SCU_SFSP8_0,7,1,ZIF,Input glitch filter,0,rw
SCU_SFSP8_0,8,2,EHD,Select drive strength,0,rw
SCU_SFSP8_1,0,3,MODE,Select pin function,0,rw
SCU_SFSP8_1,3,1,EPD,Enable pull-down resistor at pad,0,rw
SCU_SFSP8_1,4,1,EPUN,Disable pull-up resistor at pad,0,rw
SCU_SFSP8_1,6,1,EZI,Input buffer enable,0,rw
SCU_SFSP8_1,7,1,ZIF,Input glitch filter,0,rw
SCU_SFSP8_1,8,2,EHD,Select drive strength,0,rw
SCU_SFSP8_2,0,3,MODE,Select pin function,0,rw
SCU_SFSP8_2,3,1,EPD,Enable pull-down resistor at pad,0,rw
SCU_SFSP8_2,4,1,EPUN,Disable pull-up resistor at pad,0,rw
SCU_SFSP8_2,6,1,EZI,Input buffer enable,0,rw
SCU_SFSP8_2,7,1,ZIF,Input glitch filter,0,rw
SCU_SFSP8_2,8,2,EHD,Select drive strength,0,rw
SCU_SFSPA_1,0,3,MODE,Select pin function,0,rw
SCU_SFSPA_1,3,1,EPD,Enable pull-down resistor at pad,0,rw
SCU_SFSPA_1,4,1,EPUN,Disable pull-up resistor at pad,0,rw
SCU_SFSPA_1,6,1,EZI,Input buffer enable,0,rw
SCU_SFSPA_1,7,1,ZIF,Input glitch filter,0,rw
SCU_SFSPA_1,8,2,EHD,Select drive strength,0,rw
SCU_SFSPA_2,0,3,MODE,Select pin function,0,rw
SCU_SFSPA_2,3,1,EPD,Enable pull-down resistor at pad,0,rw
SCU_SFSPA_2,4,1,EPUN,Disable pull-up resistor at pad,0,rw
SCU_SFSPA_2,6,1,EZI,Input buffer enable,0,rw
SCU_SFSPA_2,7,1,ZIF,Input glitch filter,0,rw
SCU_SFSPA_2,8,2,EHD,Select drive strength,0,rw
SCU_SFSPA_3,0,3,MODE,Select pin function,0,rw
SCU_SFSPA_3,3,1,EPD,Enable pull-down resistor at pad,0,rw
SCU_SFSPA_3,4,1,EPUN,Disable pull-up resistor at pad,0,rw
SCU_SFSPA_3,6,1,EZI,Input buffer enable,0,rw
SCU_SFSPA_3,7,1,ZIF,Input glitch filter,0,rw
SCU_SFSPA_3,8,2,EHD,Select drive strength,0,rw
SCU_SFSP3_3,0,3,MODE,Select pin function,0,rw
SCU_SFSP3_3,3,1,EPD,Enable pull-down resistor at pad,0,rw
SCU_SFSP3_3,4,1,EPUN,Disable pull-up resistor at pad,0,rw
SCU_SFSP3_3,5,1,EHS,Select Slew rate,0,rw
SCU_SFSP3_3,6,1,EZI,Input buffer enable,0,rw
SCU_SFSP3_3,7,1,ZIF,Input glitch filter,0,rw
SCU_SFSCLK0,0,3,MODE,Select pin function,0,rw
SCU_SFSCLK0,3,1,EPD,Enable pull-down resistor at pad,0,rw
SCU_SFSCLK0,4,1,EPUN,Disable pull-up resistor at pad,0,rw
SCU_SFSCLK0,5,1,EHS,Select Slew rate,0,rw
SCU_SFSCLK0,6,1,EZI,Input buffer enable,0,rw
SCU_SFSCLK0,7,1,ZIF,Input glitch filter,0,rw
SCU_SFSCLK1,0,3,MODE,Select pin function,0,rw
SCU_SFSCLK1,3,1,EPD,Enable pull-down resistor at pad,0,rw
SCU_SFSCLK1,4,1,EPUN,Disable pull-up resistor at pad,0,rw
SCU_SFSCLK1,5,1,EHS,Select Slew rate,0,rw
SCU_SFSCLK1,6,1,EZI,Input buffer enable,0,rw
SCU_SFSCLK1,7,1,ZIF,Input glitch filter,0,rw
SCU_SFSCLK2,0,3,MODE,Select pin function,0,rw
SCU_SFSCLK2,3,1,EPD,Enable pull-down resistor at pad,0,rw
SCU_SFSCLK2,4,1,EPUN,Disable pull-up resistor at pad,0,rw
SCU_SFSCLK2,5,1,EHS,Select Slew rate,0,rw
SCU_SFSCLK2,6,1,EZI,Input buffer enable,0,rw
SCU_SFSCLK2,7,1,ZIF,Input glitch filter,0,rw
SCU_SFSCLK3,0,3,MODE,Select pin function,0,rw
SCU_SFSCLK3,3,1,EPD,Enable pull-down resistor at pad,0,rw
SCU_SFSCLK3,4,1,EPUN,Disable pull-up resistor at pad,0,rw
SCU_SFSCLK3,5,1,EHS,Select Slew rate,0,rw
SCU_SFSCLK3,6,1,EZI,Input buffer enable,0,rw
SCU_SFSCLK3,7,1,ZIF,Input glitch filter,0,rw
SCU_SFSUSB,0,1,USB_AIM,Differential data input AIP/AIM,0,rw
SCU_SFSUSB,1,1,USB_ESEA,Control signal for differential input or single input,1,rw
SCU_SFSUSB,2,1,USB_EPD,Enable pull-down connect,0,rw
SCU_SFSUSB,4,1,USB_EPWR,Power mode,0,rw
SCU_SFSUSB,5,1,USB_VBUS,Enable the vbus_valid signal,0,rw
SCU_SFSI2C0,0,1,SCL_EFP,Select input glitch filter time constant for the SCL pin,0,rw
SCU_SFSI2C0,2,1,SCL_EHD,Select I2C mode for the SCL pin,0,rw
SCU_SFSI2C0,3,1,SCL_EZI,Enable the input receiver for the SCL pin,0,rw
SCU_SFSI2C0,7,1,SCL_ZIF,Enable or disable input glitch filter for the SCL pin,0,rw
SCU_SFSI2C0,8,1,SDA_EFP,Select input glitch filter time constant for the SDA pin,0,rw
SCU_SFSI2C0,10,1,SDA_EHD,Select I2C mode for the SDA pin,0,rw
SCU_SFSI2C0,11,1,SDA_EZI,Enable the input receiver for the SDA pin,0,rw
SCU_SFSI2C0,15,1,SDA_ZIF,Enable or disable input glitch filter for the SDA pin,0,rw
SCU_ENAIO0,0,1,ADC0_0,Select ADC0_0,0,rw
SCU_ENAIO0,1,1,ADC0_1,Select ADC0_1,0,rw
SCU_ENAIO0,2,1,ADC0_2,Select ADC0_2,0,rw
SCU_ENAIO0,3,1,ADC0_3,Select ADC0_3,0,rw
SCU_ENAIO0,4,1,ADC0_4,Select ADC0_4,0,rw
SCU_ENAIO0,5,1,ADC0_5,Select ADC0_5,0,rw
SCU_ENAIO0,6,1,ADC0_6,Select ADC0_6,0,rw
SCU_ENAIO1,0,1,ADC1_0,Select ADC1_0,0,rw
SCU_ENAIO1,1,1,ADC1_1,Select ADC1_1,0,rw
SCU_ENAIO1,2,1,ADC1_2,Select ADC1_2,0,rw
SCU_ENAIO1,3,1,ADC1_3,Select ADC1_3,0,rw
SCU_ENAIO1,4,1,ADC1_4,Select ADC1_4,0,rw
SCU_ENAIO1,5,1,ADC1_5,Select ADC1_5,0,rw
SCU_ENAIO1,6,1,ADC1_6,Select ADC1_6,0,rw
SCU_ENAIO1,7,1,ADC1_7,Select ADC1_7,0,rw
SCU_ENAIO2,0,1,DAC,Select DAC,0,rw
SCU_ENAIO2,4,1,BG,Select band gap output,0,rw
SCU_EMCDELAYCLK,0,16,CLK_DELAY,EMC_CLKn SDRAM clock output delay,0,rw
SCU_PINTSEL0,0,5,INTPIN0,pin number for interrupt 0 source,0,
SCU_PINTSEL0,5,3,PORTSEL0,port for interrupt 0 source,0,
SCU_PINTSEL0,8,5,INTPIN1,pin number for interrupt 1 source,0,
SCU_PINTSEL0,13,3,PORTSEL1,port for interrupt 1 source,0,
SCU_PINTSEL0,16,5,INTPIN2,pin number for interrupt 2 source,0,
SCU_PINTSEL0,21,3,PORTSEL2,port for interrupt 2 source,0,
SCU_PINTSEL0,24,5,INTPIN3,pin number for interrupt 3 source,0,
SCU_PINTSEL0,29,3,PORTSEL3,port for interrupt 3 source,0,
SCU_PINTSEL1,0,5,INTPIN4,pin number for interrupt 4 source,0,
SCU_PINTSEL1,5,3,PORTSEL4,port for interrupt 4 source,0,
SCU_PINTSEL1,8,5,INTPIN5,pin number for interrupt 5 source,0,
SCU_PINTSEL1,13,3,PORTSEL5,port for interrupt 5 source,0,
SCU_PINTSEL1,16,5,INTPIN6,pin number for interrupt 6 source,0,
SCU_PINTSEL1,21,3,PORTSEL6,port for interrupt 6 source,0,
SCU_PINTSEL1,24,5,INTPIN7,pin number for interrupt 7 source,0,
SCU_PINTSEL1,29,3,PORTSEL7,port for interrupt 7 source,0,
